"Date","Total_Network_Volume"
2023-01-22,3023
2023-01-23,2108
2023-01-24,3120
2023-01-25,3119
2023-01-26,3302
2023-01-27,2463
2023-01-28,3409
2023-01-29,1984
2023-01-30,1631
2023-01-31,2336
2023-02-01,2432
2023-02-02,1863
2023-02-03,1591
2023-02-04,882
2023-02-05,2929
2023-02-06,1506
2023-02-07,2401
2023-02-08,2487
2023-02-09,3061
2023-02-10,2994
2023-02-11,5033
2023-02-12,3420
2023-02-13,1314
2023-02-14,2980
2023-02-15,2677
2023-02-16,2548
2023-02-17,2188
2023-02-18,3317
2023-02-19,2416
2023-02-20,1677
2023-02-21,2242
2023-02-22,2782
2023-02-23,2371
2023-02-24,2670
2023-02-25,4169
2023-02-26,2411
2023-02-27,1268
2023-02-28,1961
2023-03-01,1730
2023-03-02,2137
2023-03-03,2299
2023-03-04,3866
2023-03-05,3147
2023-03-06,1478
2023-03-07,1604
2023-03-08,1802
2023-03-09,1988
2023-03-10,2240
2023-03-11,3316
2023-03-12,1951
2023-03-13,3012
2023-03-14,2394
2023-03-15,2501
2023-03-16,2242
2023-03-17,2664
2023-03-18,2889
2023-03-19,2245
2023-03-20,1301
2023-03-21,1888
2023-03-22,2609
2023-03-23,2267
2023-03-24,2096
2023-03-25,2949
2023-03-27,912
2023-03-28,2104
2023-03-29,1104
2023-03-30,1433
2023-03-31,1812
2023-04-01,1870
2023-04-03,1664
2023-04-04,2482
2023-04-05,2199
2023-04-06,2732
2023-04-07,1006
2023-04-08,896
2023-04-09,330
2023-04-10,584
2023-04-11,1492
2023-04-12,852
2023-04-13,2019
2023-04-14,2534
2023-04-15,1968
2023-04-16,491
2023-04-17,1400
2023-04-18,2403
2023-04-19,1418
2023-04-20,2126
2023-04-21,2156
2023-04-22,2921
2023-04-23,2202
2023-04-24,1670
2023-04-25,4494
2023-04-26,2330
2023-04-27,2148
2023-04-28,2242
2023-04-29,2422
2023-04-30,2490
2023-05-01,1700
2023-05-02,1786
2023-05-03,1241
2023-05-04,2246
2023-05-05,1837
2023-05-06,868
2023-05-07,876
2023-05-08,765
2023-05-09,1268
2023-05-10,1425
2023-05-11,2678
2023-05-12,2221
2023-05-13,3648
2023-05-14,3523
2023-05-15,1695
2023-05-16,1186
2023-05-17,1881
2023-05-18,2044
2023-05-19,1736
2023-05-20,1019
2023-05-21,803
2023-05-22,1237
2023-05-23,2094
2023-05-24,1718
2023-05-25,1140
2023-05-26,1434
2023-05-27,3012
2023-05-28,452
2023-05-29,1168
2023-05-30,1631
2023-05-31,1572
2023-06-01,1669
2023-06-02,2113
2023-06-03,864
2023-06-04,3336
2023-06-05,1729
2023-06-06,2396
2023-06-07,1577
2023-06-08,2092
2023-06-09,2396
2023-06-10,2198
2023-06-11,1575
2023-06-12,1643
2023-06-13,1249
2023-06-14,1973
2023-06-15,2017
2023-06-16,2539
2023-06-17,1577
2023-06-18,2079
2023-06-19,733
2023-06-20,2113
2023-06-21,2146
2023-06-22,2186
2023-06-23,1299
2023-06-24,2094
2023-06-25,942
2023-06-26,802
2023-06-27,2142
2023-06-28,1626
2023-06-29,1833
2023-06-30,1420
2023-07-01,1839
2023-07-02,1765
2023-07-03,1350
2023-07-04,1241
2023-07-05,1690
2023-07-06,1797
2023-07-07,1986
2023-07-08,913
2023-07-09,1330
2023-07-10,1129
2023-07-12,0
2023-07-13,0
2023-07-14,0
2023-07-15,0
2023-07-16,0
2023-07-17,1920
2023-07-18,2733
2023-07-19,2358
2023-07-20,1698
2023-07-21,2080
2023-07-22,3141
2023-07-23,1401
2023-07-24,1347
2023-07-25,2830
2023-07-26,2719
2023-07-27,2746
2023-07-28,2084
2023-07-29,3081
2023-07-30,2428
2023-07-31,1357
2023-08-01,1787
2023-08-02,2068
2023-08-03,2183
2023-08-04,1316
2023-08-05,2491
2023-08-06,2079
2023-08-07,1029
2023-08-08,2230
2023-08-09,1931
2023-08-10,1491
2023-08-11,2153
2023-08-12,1827
2023-08-13,1961
2023-08-15,0
2023-08-16,0
2023-08-17,1375
2023-08-18,882
2023-08-19,1946
2023-08-20,2468
2023-08-21,1163
2023-08-22,1309
2023-08-23,2042
2023-08-24,1773
2023-08-25,2207
2023-08-26,2571
2023-08-27,1422
2023-08-28,1742
2023-08-29,1675
2023-08-30,1117
2023-08-31,1748
2023-09-01,1428
2023-09-02,4624
2023-09-03,4871
2023-09-04,1069
2023-09-05,1159
2023-09-06,1751
2023-09-07,1710
2023-09-08,691
2023-09-09,1712
2023-09-10,2167
2023-09-11,1545
2023-09-12,2225
2023-09-13,3104
2023-09-14,2554
2023-09-15,3212
2023-09-16,4315
2023-09-17,3893
2023-09-18,1068
2023-09-19,2669
2023-09-20,879
2023-09-21,1250
2023-09-22,2240
2023-09-23,3330
2023-09-24,4379
2023-09-25,1295
2023-09-26,2023
2023-09-27,1962
2023-09-28,2508
2023-09-29,3948
2023-09-30,2422
2023-10-01,1674
2023-10-02,2151
2023-10-03,947
2023-10-04,1056
2023-10-05,1771
2023-10-06,2476
2023-10-07,2681
2023-10-08,4002
2023-10-09,1478
2023-10-10,2015
2023-10-11,2903
2023-10-12,1041
2023-10-13,1257
2023-10-14,2058
2023-10-15,1540
2023-10-16,704
2023-10-17,1932
2023-10-18,2450
2023-10-19,2657
2023-10-20,2935
2023-10-21,3008
2023-10-22,509
2023-10-23,1252
2023-10-24,1849
2023-10-25,1675
2023-10-26,1520
2023-10-27,2852
2023-10-28,2710
2023-10-29,3976
2023-10-30,1466
2023-10-31,1788
2023-11-01,2191
2023-11-02,2461
2023-11-03,2128
2023-11-04,2356
2023-11-05,3117
2023-11-06,1643
2023-11-07,2744
2023-11-08,1483
2023-11-09,2142
2023-11-10,2894
2023-11-11,2503
2023-11-12,3719
2023-11-13,1752
2023-11-14,1906
2023-11-15,2374
2023-11-16,1572
2023-11-17,2271
2023-11-18,3164
2023-11-19,2678
2023-11-20,1041
2023-11-21,1950
2023-11-22,2083
2023-11-23,2213
2023-11-24,2421
2023-11-25,2537
2023-11-26,821
2023-11-27,1264
2023-11-28,1834
2023-11-29,941
2023-11-30,1864
2023-12-01,1897
2023-12-02,791
2023-12-03,2554
2023-12-04,2193
2023-12-05,2820
2023-12-06,2739
2023-12-07,2731
2023-12-08,2400
2023-12-09,675
2023-12-10,1423
2023-12-11,1213
2023-12-12,2486
2023-12-13,2476
2023-12-14,2451
2023-12-15,3019
2023-12-16,3473
2023-12-17,2899
2023-12-18,1729
2023-12-19,1603
2023-12-20,2664
2023-12-21,2408
2023-12-22,2318
2023-12-23,3590
2023-12-24,2539
2023-12-25,486
2023-12-26,1065
2023-12-27,1866
2023-12-28,1497
2023-12-29,2137
2023-12-30,1336
2023-12-31,2055
2024-01-01,2034
2024-01-02,1451
2024-01-03,751
2024-01-04,1394
2024-01-05,2244
2024-01-06,3631
2024-01-07,1431
2024-01-08,233
2024-01-09,1982
2024-01-10,2044
2024-01-11,1927
2024-01-12,2736
2024-01-13,2441
2024-01-14,2553
2024-01-15,1780
2024-01-16,1906
2024-01-17,1087
2024-01-18,1327
2024-01-19,1437
2024-01-20,3211
2024-01-21,1844
2024-01-22,1063
2024-01-23,2543
2024-01-24,2118
2024-01-25,2127
2024-01-26,1819
2024-01-27,2637
2024-01-28,3077
2024-01-29,1941
2024-01-30,2824
2024-01-31,2334
2024-02-01,2328
2024-02-02,2522
2024-02-03,4548
2024-02-04,3060
2024-02-05,1146
2024-02-06,2244
2024-02-07,3378
2024-02-08,2582
2024-02-09,2325
2024-02-10,3672
2024-02-11,4404
2024-02-12,1217
2024-02-13,1812
2024-02-14,2162
2024-02-15,2609
2024-02-16,2459
2024-02-17,3343
2024-02-18,1945
2024-02-19,1711
2024-02-20,2132
2024-02-21,2138
2024-02-22,1765
2024-02-23,2237
2024-02-24,3158
2024-02-25,2844
2024-02-26,1248
2024-02-27,2654
2024-02-28,1870
2024-02-29,2431
2024-03-01,2762
2024-03-02,2818
2024-03-03,1985
2024-03-04,1429
2024-03-05,2491
2024-03-06,2183
2024-03-07,2286
2024-03-08,2697
2024-03-09,2845
2024-03-10,1643
2024-03-11,2080
2024-03-12,1946
2024-03-13,1351
2024-03-14,2001
2024-03-15,2356
2024-03-16,3566
2024-03-17,2625
2024-03-18,1760
2024-03-19,2040
2024-03-20,1573
2024-03-21,2287
2024-03-22,2542
2024-03-23,2698
2024-03-24,1768
2024-03-25,1323
2024-03-26,2046
2024-03-27,1979
2024-03-28,2171
2024-03-29,3150
2024-03-30,2050
2024-04-01,0
2024-04-02,632
2024-04-03,1146
2024-04-04,1676
2024-04-05,1979
2024-04-06,2715
2024-04-08,1329
2024-04-09,848
2024-04-10,1408
2024-04-11,1420
2024-04-12,1585
2024-04-13,3119
2024-04-14,2423
2024-04-15,1783
2024-04-16,2241
2024-04-17,2340
2024-04-18,1816
2024-04-19,1934
2024-04-20,2908
2024-04-21,2379
2024-04-22,1672
2024-04-23,2361
2024-04-24,1768
2024-04-25,1589
2024-04-26,1372
2024-04-27,2882
2024-04-28,2337
2024-04-29,1165
2024-04-30,1765
2024-05-01,2494
2024-05-02,2418
2024-05-03,2771
2024-05-04,3022
2024-05-05,2538
2024-05-06,1688
2024-05-07,2202
2024-05-08,2208
2024-05-09,2043
2024-05-10,1693
2024-05-11,3473
2024-05-12,8031
2024-05-13,1555
2024-05-14,1891
2024-05-15,2064
2024-05-16,2019
2024-05-17,1891
2024-05-18,2489
2024-05-19,1403
2024-05-20,1005
2024-05-21,1833
2024-05-22,2008
2024-05-23,1991
2024-05-24,1873
2024-05-25,2755
2024-05-26,2627
2024-05-27,1810
2024-05-28,2035
2024-05-29,2341
2024-05-30,1757
2024-05-31,1896
2024-06-01,2431
2024-06-02,2089
2024-06-03,1128
2024-06-04,1748
2024-06-05,1661
2024-06-06,1806
2024-06-07,1785
2024-06-08,2195
2024-06-09,623
2024-06-10,2264
2024-06-11,664
2024-06-13,0
2024-06-14,0
2024-06-15,0
2024-06-16,0
2024-06-17,0
2024-06-18,0
2024-06-19,2061
2024-06-20,1796
2024-06-21,1403
2024-06-22,2195
2024-06-23,2308
2024-06-24,761
2024-06-25,1253
2024-06-26,961
2024-06-27,1624
2024-06-28,1413
2024-06-29,647
2024-06-30,653
2024-07-01,943
2024-07-02,1321
2024-07-03,1469
2024-07-04,1281
2024-07-05,1161
2024-07-06,1758
2024-07-07,2106
2024-07-08,875
2024-07-09,491
2024-07-10,1073
2024-07-11,1149
2024-07-12,1354
2024-07-13,2082
2024-07-14,786
2024-07-15,573
2024-07-16,1433
2024-07-17,1867
2024-07-18,1441
2024-07-19,1423
2024-07-20,600
2024-07-21,1695
2024-07-22,943
2024-07-23,1984
2024-07-24,1772
2024-07-25,1337
2024-07-26,2066
2024-07-27,1408
2024-07-28,730
2024-07-29,933
2024-07-30,2474
2024-07-31,2256
2024-08-01,2362
2024-08-02,2018
2024-08-03,2226
2024-08-04,2465
2024-08-05,1145
2024-08-06,1735
2024-08-07,1889
2024-08-08,1313
2024-08-09,1939
2024-08-10,3819
2024-08-11,3582
2024-08-12,1500
2024-08-13,2326
2024-08-14,2075
2024-08-15,2296
2024-08-16,1258
2024-08-17,1856
2024-08-18,2812
2024-08-19,1603
2024-08-20,1355
2024-08-21,1675
2024-08-22,2151
2024-08-23,1937
2024-08-24,3518
2024-08-25,942
2024-08-26,1183
2024-08-27,1541
2024-08-28,1164
2024-08-29,2082
2024-08-30,1668
2024-08-31,2016
2024-09-01,1618
2024-09-02,472
2024-09-03,2511
2024-09-04,1854
2024-09-05,1737
2024-09-06,1447
2024-09-07,3643
2024-09-08,1862
2024-09-09,979
2024-09-10,2312
2024-09-11,1516
2024-09-12,2063
2024-09-13,1916
2024-09-14,584
2024-09-15,2480
2024-09-16,925
2024-09-17,1898
2024-09-18,1701
2024-09-19,1326
2024-09-20,1667
2024-09-21,2057
2024-09-22,2254
2024-09-23,1235
2024-09-24,2023
2024-09-25,838
2024-09-26,1640
2024-09-28,0
2024-09-29,0
2024-09-30,1532
2024-10-01,1733
2024-10-02,2299
2024-10-03,3160
2024-10-04,1276
2024-10-05,2513
2024-10-06,2521
2024-10-07,966
