Stop_name,Train_Line,Pax_annual,Pax_annual_norm,Pax_AM_peak,Pax_AM_peak_norm,Bike_Path_Dist_m,Bike_Path_Dist_m_norm
Sunbury,Cranbourne Line,691050,0.0350749842084887,850,0.21052631578947367,77.38856219402884,0.02692524551444448
Sunbury,Pakenham Line,691050,0.0350749842084887,850,0.21052631578947367,77.38856219402884,0.02692524551444448
Sunbury,Sunbury Line,691050,0.0350749842084887,850,0.21052631578947367,77.38856219402884,0.02692524551444448
Diggers Rest,Cranbourne Line,165600,0.008308372557409785,300,0.06578947368421052,80.20664476094744,0.027911205722480074
Diggers Rest,Pakenham Line,165600,0.008308372557409785,300,0.06578947368421052,80.20664476094744,0.027911205722480074
Diggers Rest,Sunbury Line,165600,0.008308372557409785,300,0.06578947368421052,80.20664476094744,0.027911205722480074
Stony Point,Stony Point Line,6950,0.0002266845976730444,50,0.0,2858.64178070663,1.0
Crib Point,Stony Point Line,7900,0.0002750779387493123,50,0.0,1120.213573742127,0.3917775665218223
Morradoo,Stony Point Line,3400,4.5846323124885384e-05,50,0.0,47.251825531042805,0.016381330478540637
Bittern,Stony Point Line,8800,0.00032092426187419767,50,0.0,48.74584622282044,0.01690404225759445
Hastings,Stony Point Line,10850,0.0004253519978808811,50,0.0,630.5243243502572,0.2204503953910176
Tyabb,Stony Point Line,4050,7.895755649285817e-05,50,0.0,247.79077021473864,0.08654372456189534
Somerville,Stony Point Line,8050,0.0002827189926034599,50,0.0,44.77918451306185,0.015516229618436472
Baxter,Stony Point Line,2500,0.0,50,0.0,25.027077256787337,0.008605576251444386
Glen Iris,Glen Waverly Line,261300,0.01318336491635593,400,0.09210526315789473,44.37255668374908,0.01537396307738879
Leawarra,Stony Point Line,5500,0.00015282107708295127,50,0.0,14.142949608267399,0.0047975555473687495
Darling,Glen Waverly Line,262650,0.013252134401043258,500,0.11842105263157894,148.0050855079259,0.05163178989843351
East Malvern,Glen Waverly Line,333800,0.016876540945860587,600,0.14473684210526316,58.65799389379561,0.020371997133891893
Holmesglen,Glen Waverly Line,383100,0.01938790064592375,450,0.10526315789473684,105.99235265212391,0.03693282993433862
Jordanville,Glen Waverly Line,388950,0.019685901746235506,750,0.18421052631578946,44.741177362541954,0.015502932088238691
Flagstaff,Mernda Line,3445200,0.17537237402449213,850,0.21052631578947367,3.080857663216399,0.0009272706226168063
Flagstaff,Hurstbridge Line,3445200,0.17537237402449213,850,0.21052631578947367,3.080857663216399,0.0009272706226168063
Flagstaff,Craigieburn Line,3445200,0.17537237402449213,850,0.21052631578947367,3.080857663216399,0.0009272706226168063
Flagstaff,Upfield Line,3445200,0.17537237402449213,850,0.21052631578947367,3.080857663216399,0.0009272706226168063
Flagstaff,Frankston Line,3445200,0.17537237402449213,850,0.21052631578947367,3.080857663216399,0.0009272706226168063
Flagstaff,Alamein Line,3445200,0.17537237402449213,850,0.21052631578947367,3.080857663216399,0.0009272706226168063
Flagstaff,Belgrave Line,3445200,0.17537237402449213,850,0.21052631578947367,3.080857663216399,0.0009272706226168063
Flagstaff,Glen Waverly Line,3445200,0.17537237402449213,850,0.21052631578947367,3.080857663216399,0.0009272706226168063
Flagstaff,Lilydale Line,3445200,0.17537237402449213,850,0.21052631578947367,3.080857663216399,0.0009272706226168063
Melbourne Central,Mernda Line,11876900,0.6048861992379322,1650,0.42105263157894735,6.124393826162657,0.0019921100931166126
Melbourne Central,Hurstbridge Line,11876900,0.6048861992379322,1650,0.42105263157894735,6.124393826162657,0.0019921100931166126
Melbourne Central,Craigieburn Line,11876900,0.6048861992379322,1650,0.42105263157894735,6.124393826162657,0.0019921100931166126
Melbourne Central,Upfield Line,11876900,0.6048861992379322,1650,0.42105263157894735,6.124393826162657,0.0019921100931166126
Melbourne Central,Frankston Line,11876900,0.6048861992379322,1650,0.42105263157894735,6.124393826162657,0.0019921100931166126
Melbourne Central,Alamein Line,11876900,0.6048861992379322,1650,0.42105263157894735,6.124393826162657,0.0019921100931166126
Melbourne Central,Belgrave Line,11876900,0.6048861992379322,1650,0.42105263157894735,6.124393826162657,0.0019921100931166126
Melbourne Central,Glen Waverly Line,11876900,0.6048861992379322,1650,0.42105263157894735,6.124393826162657,0.0019921100931166126
Melbourne Central,Lilydale Line,11876900,0.6048861992379322,1650,0.42105263157894735,6.124393826162657,0.0019921100931166126
Parliament,Mernda Line,6344650,0.32307139800721313,850,0.21052631578947367,3.7632814968151305,0.0011660296827103375
Parliament,Hurstbridge Line,6344650,0.32307139800721313,850,0.21052631578947367,3.7632814968151305,0.0011660296827103375
Parliament,Craigieburn Line,6344650,0.32307139800721313,850,0.21052631578947367,3.7632814968151305,0.0011660296827103375
Parliament,Upfield Line,6344650,0.32307139800721313,850,0.21052631578947367,3.7632814968151305,0.0011660296827103375
Parliament,Frankston Line,6344650,0.32307139800721313,850,0.21052631578947367,3.7632814968151305,0.0011660296827103375
Parliament,Alamein Line,6344650,0.32307139800721313,850,0.21052631578947367,3.7632814968151305,0.0011660296827103375
Parliament,Belgrave Line,6344650,0.32307139800721313,850,0.21052631578947367,3.7632814968151305,0.0011660296827103375
Parliament,Glen Waverly Line,6344650,0.32307139800721313,850,0.21052631578947367,3.7632814968151305,0.0011660296827103375
Parliament,Lilydale Line,6344650,0.32307139800721313,850,0.21052631578947367,3.7632814968151305,0.0011660296827103375
Belgrave,Belgrave Line,283100,0.01429386474315871,300,0.06578947368421052,168.36055311932827,0.058753540451947264
Tecoma,Belgrave Line,47250,0.0022795810664873566,100,0.013157894736842105,40.735618237834935,0.014101510442806445
Upwey,Belgrave Line,97850,0.0048571632332864685,150,0.02631578947368421,22.227812837956275,0.007626199933256821
Alamein,Alamein Line,96200,0.004773111640890845,200,0.039473684210526314,16.95197735373036,0.005780347752539225
Ashburton,Alamein Line,201950,0.010160054608064878,400,0.09210526315789473,10.823038043718693,0.0036360208445650067
Burwood,Alamein Line,221250,0.011143203537298531,500,0.11842105263157894,24.05166994630638,0.008264311305537278
Hartwell,Alamein Line,138050,0.006904965666198015,300,0.06578947368421052,20.178326737551686,0.006909147932849862
Willison,Alamein Line,73100,0.0035963893473521203,150,0.02631578947368421,140.92369765117076,0.04915423060815999
Riversdale,Alamein Line,144000,0.007208060802412535,300,0.06578947368421052,13.950290987560344,0.004730150235692634
Camberwell,Alamein Line,1260400,0.06407787762088148,1100,0.27631578947368424,185.99063505193254,0.06492176258071256
Camberwell,Belgrave Line,1260400,0.06407787762088148,1100,0.27631578947368424,185.99063505193254,0.06492176258071256
Camberwell,Lilydale Line,1260400,0.06407787762088148,1100,0.27631578947368424,185.99063505193254,0.06492176258071256
Flinders Street,Mernda Line,19633300,1.0,3600,0.9342105263157895,61.80173275319669,0.02147189443860922
Flinders Street,Hurstbridge Line,19633300,1.0,3600,0.9342105263157895,61.80173275319669,0.02147189443860922
Flinders Street,Craigieburn Line,19633300,1.0,3600,0.9342105263157895,61.80173275319669,0.02147189443860922
Flinders Street,Upfield Line,19633300,1.0,3600,0.9342105263157895,61.80173275319669,0.02147189443860922
Flinders Street,Flemington Line,19633300,1.0,3600,0.9342105263157895,61.80173275319669,0.02147189443860922
Flinders Street,Frankston Line,19633300,1.0,3600,0.9342105263157895,61.80173275319669,0.02147189443860922
Flinders Street,Sandringham Line,19633300,1.0,3600,0.9342105263157895,61.80173275319669,0.02147189443860922
Flinders Street,Werribee Line,19633300,1.0,3600,0.9342105263157895,61.80173275319669,0.02147189443860922
Flinders Street,Werribee Line,19633300,1.0,3600,0.9342105263157895,61.80173275319669,0.02147189443860922
Flinders Street,Williamstown Line,19633300,1.0,3600,0.9342105263157895,61.80173275319669,0.02147189443860922
Flinders Street,Werribee Line,19633300,1.0,3600,0.9342105263157895,61.80173275319669,0.02147189443860922
Flinders Street,Alamein Line,19633300,1.0,3600,0.9342105263157895,61.80173275319669,0.02147189443860922
Flinders Street,Belgrave Line,19633300,1.0,3600,0.9342105263157895,61.80173275319669,0.02147189443860922
Flinders Street,Glen Waverly Line,19633300,1.0,3600,0.9342105263157895,61.80173275319669,0.02147189443860922
Flinders Street,Lilydale Line,19633300,1.0,3600,0.9342105263157895,61.80173275319669,0.02147189443860922
Frankston,Frankston Line,1035450,0.05261884385761151,750,0.18421052631578946,41.97288415169836,0.014534391640876524
Frankston,Stony Point Line,1035450,0.05261884385761151,750,0.18421052631578946,41.97288415169836,0.014534391640876524
Kananook,Frankston Line,173050,0.008687878232165781,250,0.05263157894736842,9.42329236605588,0.0031462929864297523
Seaford,Frankston Line,320500,0.016199034170792836,450,0.10526315789473684,41.97234768482699,0.01453420394765763
Carrum,Frankston Line,343700,0.017380850500234326,450,0.10526315789473684,9.738268792903401,0.003256493527388515
Bonbeach,Frankston Line,141600,0.007085803940746174,250,0.05263157894736842,15.061584924961624,0.0051189577229434164
Chelsea,Frankston Line,352250,0.017816390569920737,500,0.11842105263157894,12.446054183564087,0.004203864153938599
Edithvale,Frankston Line,201450,0.010134584428551053,350,0.07894736842105263,5.0224205734930285,0.0016065636260945953
Aspendale,Frankston Line,169500,0.008507039957617622,300,0.06578947368421052,16.625436205772697,0.005666101072207018
Mordialloc,Frankston Line,529850,0.026863398333231453,650,0.15789473684210525,49.80649690956024,0.017275131232781765
Parkdale,Frankston Line,268050,0.013527212339792571,400,0.09210526315789473,13.224274849164702,0.004476139572111378
Mentone,Frankston Line,583650,0.029603989648919044,650,0.15789473684210525,30.64292671828179,0.010570388840099658
Cheltenham,Frankston Line,717500,0.03642235670477006,1150,0.2894736842105263,23.646259933219692,0.00812247084084155
Upper Ferntree Gully,Belgrave Line,180450,0.009064836888970394,250,0.05263157894736842,42.991690987754644,0.014890840742765154
Ferntree Gully,Belgrave Line,337700,0.017075208346068422,650,0.15789473684210525,46.49566702424372,0.01611677392955112
Boronia,Belgrave Line,462850,0.023450394278378875,800,0.19736842105263158,27.71025353598943,0.009544336908599635
Bayswater,Belgrave Line,446150,0.022599690282617112,700,0.17105263157894737,16.59234783916458,0.005654524472852738
Heathmont,Belgrave Line,199600,0.010040344764349899,400,0.09210526315789473,18.550786447656755,0.006339721762854515
Highett,Frankston Line,410950,0.020806589644843818,600,0.14473684210526316,185.65998775643152,0.06480607928594839
Glen Waverley,Glen Waverly Line,1209700,0.061495201418179594,1600,0.40789473684210525,16.708215444439425,0.0056950629757136694
Syndal,Glen Waverly Line,698100,0.035434113739633635,1250,0.3157894736842105,47.53923901862404,0.01648188759682184
Mount Waverley,Glen Waverly Line,658250,0.03340414043238177,1050,0.2631578947368421,13.846086430153639,0.004693692273706334
Lilydale,Lilydale Line,512300,0.02596939503229619,600,0.14473684210526316,42.7664181380768,0.014812024717876286
Mooroolbark,Lilydale Line,569250,0.02887044847892088,1000,0.25,20.87217598443911,0.007151904392805004
Croydon,Lilydale Line,447350,0.02266081871345029,700,0.17105263157894737,43.64520031743072,0.015119483509376908
Ringwood East,Lilydale Line,268800,0.013565417609063308,500,0.11842105263157894,14.601269732371524,0.00495790762867867
Pakenham,Pakenham Line,495750,0.025126332090388573,500,0.11842105263157894,24.738338190280114,0.00850455535396488
Pakenham,Sunbury Line,495750,0.025126332090388573,500,0.11842105263157894,24.738338190280114,0.00850455535396488
Officer,Pakenham Line,208600,0.010498807995598753,350,0.07894736842105263,48.26149478366448,0.01673458262169928
Officer,Sunbury Line,208600,0.010498807995598753,350,0.07894736842105263,48.26149478366448,0.01673458262169928
Beaconsfield,Pakenham Line,199950,0.010058173890009577,350,0.07894736842105263,25.885075845828016,0.00890576350545724
Beaconsfield,Sunbury Line,199950,0.010058173890009577,350,0.07894736842105263,25.885075845828016,0.00890576350545724
Berwick,Pakenham Line,1008200,0.05123071907410803,1600,0.40789473684210525,59.940606075430225,0.020820743593019317
Berwick,Sunbury Line,1008200,0.05123071907410803,1600,0.40789473684210525,59.940606075430225,0.020820743593019317
Narre Warren,Pakenham Line,522200,0.026473704586669925,750,0.18421052631578946,0.4305223300912203,0.0
Narre Warren,Sunbury Line,522200,0.026473704586669925,750,0.18421052631578946,0.4305223300912203,0.0
Hallam,Pakenham Line,521500,0.02643804633535057,850,0.21052631578947367,85.24457824786803,0.029673823328913454
Hallam,Sunbury Line,521500,0.02643804633535057,850,0.21052631578947367,85.24457824786803,0.029673823328913454
Cranbourne,Cranbourne Line,1054250,0.05357652260733134,1600,0.40789473684210525,27.162975766412323,0.009352861289723248
Cranbourne,Sunbury Line,1054250,0.05357652260733134,1600,0.40789473684210525,27.162975766412323,0.009352861289723248
Merinda Park,Cranbourne Line,577750,0.029303441530655908,1000,0.25,16.945858805782894,0.005778207061248638
Merinda Park,Sunbury Line,577750,0.029303441530655908,1000,0.25,16.945858805782894,0.005778207061248638
Dandenong,Cranbourne Line,1970750,0.10026336165617296,1350,0.34210526315789475,66.67882422800102,0.023178238383799094
Dandenong,Pakenham Line,1970750,0.10026336165617296,1350,0.34210526315789475,66.67882422800102,0.023178238383799094
Dandenong,Sunbury Line,1970750,0.10026336165617296,1350,0.34210526315789475,66.67882422800102,0.023178238383799094
Yarraman,Cranbourne Line,272450,0.013751349919514233,350,0.07894736842105263,5.088414187154138,0.0016296527569164344
Yarraman,Pakenham Line,272450,0.013751349919514233,350,0.07894736842105263,5.088414187154138,0.0016296527569164344
Yarraman,Sunbury Line,272450,0.013751349919514233,350,0.07894736842105263,5.088414187154138,0.0016296527569164344
Noble Park,Cranbourne Line,993800,0.05049717790410987,1100,0.27631578947368424,24.66836622599954,0.00848007432091475
Noble Park,Pakenham Line,993800,0.05049717790410987,1100,0.27631578947368424,24.66836622599954,0.00848007432091475
Noble Park,Sunbury Line,993800,0.05049717790410987,1100,0.27631578947368424,24.66836622599954,0.00848007432091475
Sandown Park,Cranbourne Line,458700,0.023238991788414126,950,0.23684210526315788,25.09635268801341,0.00862981358905302
Sandown Park,Pakenham Line,458700,0.023238991788414126,950,0.23684210526315788,25.09635268801341,0.00862981358905302
Sandown Park,Sunbury Line,458700,0.023238991788414126,950,0.23684210526315788,25.09635268801341,0.00862981358905302
East Camberwell,Belgrave Line,185950,0.00934500886362247,250,0.05263157894736842,24.323702997237195,0.008359487283216874
East Camberwell,Lilydale Line,185950,0.00934500886362247,250,0.05263157894736842,24.323702997237195,0.008359487283216874
Canterbury,Belgrave Line,268450,0.01354758848340363,400,0.09210526315789473,152.30848825472785,0.05313741784464986
Canterbury,Lilydale Line,268450,0.01354758848340363,400,0.09210526315789473,152.30848825472785,0.05313741784464986
Chatham,Belgrave Line,183300,0.009210016912199198,300,0.06578947368421052,418.7797202775162,0.14636748656047452
Chatham,Lilydale Line,183300,0.009210016912199198,300,0.06578947368421052,418.7797202775162,0.14636748656047452
Laburnum,Belgrave Line,316900,0.016015648878293293,550,0.13157894736842105,28.083407987402445,0.00967489214671208
Laburnum,Lilydale Line,316900,0.016015648878293293,550,0.13157894736842105,28.083407987402445,0.00967489214671208
Blackburn,Belgrave Line,1206950,0.061355115430853556,1850,0.47368421052631576,37.61076030571297,0.013008218992440779
Blackburn,Lilydale Line,1206950,0.061355115430853556,1850,0.47368421052631576,37.61076030571297,0.013008218992440779
Nunawading,Belgrave Line,758050,0.03848798826334128,1250,0.3157894736842105,9.61039825637404,0.00321175556893474
Nunawading,Lilydale Line,758050,0.03848798826334128,1250,0.3157894736842105,9.61039825637404,0.00321175556893474
Mitcham,Belgrave Line,925550,0.047020498400472725,1600,0.40789473684210525,33.04518419661333,0.011410864669621098
Mitcham,Lilydale Line,925550,0.047020498400472725,1600,0.40789473684210525,33.04518419661333,0.011410864669621098
Heatherdale,Belgrave Line,448700,0.02272958819813762,900,0.2236842105263158,12.865384827458286,0.004350575018177647
Heatherdale,Lilydale Line,448700,0.02272958819813762,900,0.2236842105263158,12.865384827458286,0.004350575018177647
Ringwood,Belgrave Line,1514250,0.07700908776005053,1300,0.32894736842105265,39.20724294655856,0.013566779048548173
Ringwood,Lilydale Line,1514250,0.07700908776005053,1300,0.32894736842105265,39.20724294655856,0.013566779048548173
Auburn,Alamein Line,650000,0.03298388247040365,950,0.23684210526315788,292.89841807496987,0.1023254998691035
Auburn,Belgrave Line,650000,0.03298388247040365,950,0.23684210526315788,292.89841807496987,0.1023254998691035
Auburn,Lilydale Line,650000,0.03298388247040365,950,0.23684210526315788,292.89841807496987,0.1023254998691035
Glenferrie,Alamein Line,1978650,0.10066579049249139,1050,0.2631578947368421,76.01540662299614,0.026444820714840042
Glenferrie,Belgrave Line,1978650,0.10066579049249139,1050,0.2631578947368421,76.01540662299614,0.026444820714840042
Glenferrie,Lilydale Line,1978650,0.10066579049249139,1050,0.2631578947368421,76.01540662299614,0.026444820714840042
Hawthorn,Alamein Line,531400,0.02694235588972431,700,0.17105263157894737,33.09903881753213,0.011429706741130323
Hawthorn,Belgrave Line,531400,0.02694235588972431,700,0.17105263157894737,33.09903881753213,0.011429706741130323
Hawthorn,Lilydale Line,531400,0.02694235588972431,700,0.17105263157894737,33.09903881753213,0.011429706741130323
Burnley,Alamein Line,881250,0.04476384049554781,700,0.17105263157894737,160.3408436061755,0.05594769134277121
Burnley,Belgrave Line,881250,0.04476384049554781,700,0.17105263157894737,160.3408436061755,0.05594769134277121
Burnley,Glen Waverly Line,881250,0.04476384049554781,700,0.17105263157894737,160.3408436061755,0.05594769134277121
Burnley,Lilydale Line,881250,0.04476384049554781,700,0.17105263157894737,160.3408436061755,0.05594769134277121
East Richmond,Alamein Line,575900,0.029209201866454756,300,0.06578947368421052,44.8288691117122,0.015533612727716703
East Richmond,Belgrave Line,575900,0.029209201866454756,300,0.06578947368421052,44.8288691117122,0.015533612727716703
East Richmond,Glen Waverly Line,575900,0.029209201866454756,300,0.06578947368421052,44.8288691117122,0.015533612727716703
East Richmond,Lilydale Line,575900,0.029209201866454756,300,0.06578947368421052,44.8288691117122,0.015533612727716703
Richmond,Pakenham Line,3712750,0.18900146708234,900,0.2236842105263158,74.43096891869807,0.02589047481068248
Richmond,Frankston Line,3712750,0.18900146708234,900,0.2236842105263158,74.43096891869807,0.02589047481068248
Richmond,Sandringham Line,3712750,0.18900146708234,900,0.2236842105263158,74.43096891869807,0.02589047481068248
Richmond,Alamein Line,3712750,0.18900146708234,900,0.2236842105263158,74.43096891869807,0.02589047481068248
Richmond,Belgrave Line,3712750,0.18900146708234,900,0.2236842105263158,74.43096891869807,0.02589047481068248
Richmond,Glen Waverly Line,3712750,0.18900146708234,900,0.2236842105263158,74.43096891869807,0.02589047481068248
Richmond,Lilydale Line,3712750,0.18900146708234,900,0.2236842105263158,74.43096891869807,0.02589047481068248
Heyington,Glen Waverly Line,189500,0.00952584713817063,150,0.02631578947368421,109.14981758381099,0.03803752956857088
Kooyong,Glen Waverly Line,233000,0.011741752755873424,250,0.05263157894736842,89.77657320380399,0.03125942864155578
Tooronga,Glen Waverly Line,453150,0.022956272795810664,650,0.15789473684210525,96.95882843143278,0.0337722783151339
Gardiner,Glen Waverly Line,399400,0.020218228498074454,650,0.15789473684210525,103.59746782781566,0.03609493356915932
Springvale,Cranbourne Line,1429400,0.07268679829655439,1200,0.3026315789473684,1.2822224568938023,0.000297983616258774
Springvale,Pakenham Line,1429400,0.07268679829655439,1200,0.3026315789473684,1.2822224568938023,0.000297983616258774
Springvale,Sunbury Line,1429400,0.07268679829655439,1200,0.3026315789473684,1.2822224568938023,0.000297983616258774
Westall,Cranbourne Line,634250,0.03218157181571816,750,0.18421052631578946,18.510658250868943,0.0063256821439599325
Westall,Pakenham Line,634250,0.03218157181571816,750,0.18421052631578946,18.510658250868943,0.0063256821439599325
Westall,Sunbury Line,634250,0.03218157181571816,750,0.18421052631578946,18.510658250868943,0.0063256821439599325
Clayton,Cranbourne Line,1514000,0.07699635267029362,1350,0.34210526315789475,6.638169360400201,0.002171864312729255
Clayton,Pakenham Line,1514000,0.07699635267029362,1350,0.34210526315789475,6.638169360400201,0.002171864312729255
Clayton,Sunbury Line,1514000,0.07699635267029362,1350,0.34210526315789475,6.638169360400201,0.002171864312729255
Huntingdale,Cranbourne Line,1590050,0.08087036697434644,1400,0.35526315789473684,17.295374881220848,0.005900491960383938
Huntingdale,Pakenham Line,1590050,0.08087036697434644,1400,0.35526315789473684,17.295374881220848,0.005900491960383938
Huntingdale,Sunbury Line,1590050,0.08087036697434644,1400,0.35526315789473684,17.295374881220848,0.005900491960383938
Oakleigh,Cranbourne Line,1624200,0.0826099802351407,1500,0.3815789473684211,19.58699396528131,0.006702258826756894
Oakleigh,Pakenham Line,1624200,0.0826099802351407,1500,0.3815789473684211,19.58699396528131,0.006702258826756894
Oakleigh,Sunbury Line,1624200,0.0826099802351407,1500,0.3815789473684211,19.58699396528131,0.006702258826756894
Hughesdale,Cranbourne Line,555350,0.02816237748843654,800,0.19736842105263158,12.446913920065711,0.004204164949234645
Hughesdale,Pakenham Line,555350,0.02816237748843654,800,0.19736842105263158,12.446913920065711,0.004204164949234645
Hughesdale,Sunbury Line,555350,0.02816237748843654,800,0.19736842105263158,12.446913920065711,0.004204164949234645
Murrumbeena,Cranbourne Line,712400,0.03616256087372904,1300,0.32894736842105265,18.453515707488187,0.006305689729748671
Murrumbeena,Pakenham Line,712400,0.03616256087372904,1300,0.32894736842105265,18.453515707488187,0.006305689729748671
Murrumbeena,Sunbury Line,712400,0.03616256087372904,1300,0.32894736842105265,18.453515707488187,0.006305689729748671
Carnegie,Cranbourne Line,1015400,0.05159748965910712,1450,0.3684210526315789,15.577904145764343,0.005299601900062776
Carnegie,Pakenham Line,1015400,0.05159748965910712,1450,0.3684210526315789,15.577904145764343,0.005299601900062776
Carnegie,Sunbury Line,1015400,0.05159748965910712,1450,0.3684210526315789,15.577904145764343,0.005299601900062776
Werribee,Werribee Line,1049600,0.053339649937852764,1650,0.42105263157894735,37.58059591326118,0.012997665401497006
Hoppers Crossing,Werribee Line,925850,0.047035780508181024,1500,0.3815789473684211,31.19711272739636,0.010764281439007602
Laverton,Werribee Line,892250,0.045324184444851964,1600,0.40789473684210525,52.39954048981243,0.01818235723738614
Aircraft,Werribee Line,248850,0.012549157446461682,350,0.07894736842105263,50.50362468140267,0.017519034747540994
Westona,Werribee Line,229400,0.011558367463373883,300,0.06578947368421052,251.06390752827542,0.08768889439633085
Altona,Werribee Line,263300,0.013285245634411231,300,0.06578947368421052,63.34984473276738,0.022013531091615066
Seaholme,Werribee Line,93100,0.004615196527905129,150,0.02631578947368421,201.74513034090475,0.07043377476763563
Westgarth,Hurstbridge Line,201950,0.010160054608064878,300,0.06578947368421052,22.810032721163747,0.007829900720419128
Dennis,Hurstbridge Line,260800,0.013157894736842105,550,0.13157894736842105,18.555282375863104,0.006341294749523423
Fairfield,Hurstbridge Line,437700,0.022169244248833465,700,0.17105263157894737,28.03339488885023,0.00965739410544391
Alphington,Hurstbridge Line,249100,0.012561892536218595,450,0.10526315789473684,37.17704678761708,0.012856476003945854
Darebin,Hurstbridge Line,112450,0.005600892475090165,200,0.039473684210526314,303.26814524338806,0.10595354770427583
Ivanhoe,Hurstbridge Line,617600,0.031333414837907775,1000,0.25,74.48816956184878,0.02591048755221202
Eaglemont,Hurstbridge Line,126500,0.006316604519428653,250,0.05263157894736842,82.86317132054928,0.028840642464364137
Heidelberg,Hurstbridge Line,822300,0.04176090633086782,1200,0.3026315789473684,7.64827951025594,0.002525270712237135
Rosanna,Hurstbridge Line,432900,0.021924730525500744,750,0.18421052631578946,24.23728435415389,0.00832925206430853
Moorabbin,Frankston Line,520000,0.026361635796809096,600,0.14473684210526316,310.23322041673333,0.10839041277257083
Patterson,Frankston Line,287550,0.014520549340831754,500,0.11842105263157894,356.9556596970666,0.12473715381328437
Bentleigh,Frankston Line,586000,0.029723699492634023,700,0.17105263157894737,33.18143589258685,0.011458534937371324
McKinnon,Frankston Line,369950,0.01871803492471015,600,0.14473684210526316,45.10831222512433,0.015631381257804593
Ormond,Frankston Line,539450,0.027352425779896897,800,0.19736842105263158,18.41505704570051,0.0062922342296784905
Glenhuntly,Unknown,641550,0.03255343643662,850,0.21052631578947367,18.536166517921966,0.006334606700176086
Caulfield,Cranbourne Line,3205100,0.16314159382195326,2350,0.6052631578947368,45.890106750855125,0.015904907059453997
Caulfield,Pakenham Line,3205100,0.16314159382195326,2350,0.6052631578947368,45.890106750855125,0.015904907059453997
Caulfield,Sunbury Line,3205100,0.16314159382195326,2350,0.6052631578947368,45.890106750855125,0.015904907059453997
Caulfield,Frankston Line,3205100,0.16314159382195326,2350,0.6052631578947368,45.890106750855125,0.015904907059453997
Malvern,Cranbourne Line,703650,0.035716832732237094,650,0.15789473684210525,82.0935095628278,0.028571361544185183
Malvern,Pakenham Line,703650,0.035716832732237094,650,0.15789473684210525,82.0935095628278,0.028571361544185183
Malvern,Sunbury Line,703650,0.035716832732237094,650,0.15789473684210525,82.0935095628278,0.028571361544185183
Malvern,Frankston Line,703650,0.035716832732237094,650,0.15789473684210525,82.0935095628278,0.028571361544185183
Armadale,Frankston Line,469600,0.023794241701815516,650,0.15789473684210525,323.27355473120303,0.11295282371271827
Toorak,Frankston Line,417900,0.021160625140085987,600,0.14473684210526316,582.5726317043335,0.20367357649584603
Hawksburn,Frankston Line,447000,0.022642989587790614,650,0.15789473684210525,174.09697767140528,0.06076053854743979
Sandringham,Sandringham Line,710850,0.03608360331723618,950,0.23684210526315788,153.38205961878407,0.053513027366482765
Hampton,Sandringham Line,482700,0.024461560405077735,750,0.18421052631578946,220.4393772503037,0.07697431541333208
Brighton Beach,Sandringham Line,332650,0.01681795953297879,450,0.10526315789473684,106.7357335165009,0.03719291598018228
Middle Brighton,Sandringham Line,512250,0.025966848014344804,550,0.13157894736842105,34.74683601798888,0.012006220179606071
North Brighton,Sandringham Line,502000,0.025444709334311387,750,0.18421052631578946,70.30506662763221,0.024446948801548584
Gardenvale,Sandringham Line,380050,0.019232532550889418,600,0.14473684210526316,27.129786934876815,0.009341249540788231
Elsternwick,Sandringham Line,763550,0.03876816023799336,1150,0.2894736842105263,63.88272866992609,0.022199970752293397
Ripponlea,Sandringham Line,465900,0.02360576237341321,800,0.19736842105263158,29.58521719191241,0.010200328886249306
Balaclava,Sandringham Line,752350,0.038197628216883675,1100,0.27631578947368424,66.04973252454634,0.02295813859180121
Windsor,Sandringham Line,586800,0.029764451779856146,750,0.18421052631578946,47.44643441212385,0.01644941812619464
Prahran,Sandringham Line,879500,0.044674694867249426,800,0.19736842105263158,85.45378355287018,0.029747017815286363
South Yarra,Pakenham Line,3199050,0.16283340464983598,2600,0.6710526315789473,69.15148847650626,0.024043347371547504
South Yarra,Frankston Line,3199050,0.16283340464983598,2600,0.6710526315789473,69.15148847650626,0.024043347371547504
South Yarra,Sandringham Line,3199050,0.16283340464983598,2600,0.6710526315789473,69.15148847650626,0.024043347371547504
Upfield,Upfield Line,264250,0.0133336389754875,250,0.05263157894736842,500.34955166336476,0.17490625574584961
Gowrie,Upfield Line,232350,0.011708641522505451,300,0.06578947368421052,394.84895059850004,0.13799484804088208
Fawkner,Upfield Line,146600,0.007340505735884426,250,0.05263157894736842,16.33964767063392,0.005566112474687776
Merlynston,Upfield Line,284100,0.01434480510218636,500,0.11842105263157894,12.065050532232908,0.004070562722767417
Batman,Upfield Line,228750,0.01152525623000591,350,0.07894736842105263,11.047860703606391,0.0037146793619257552
Coburg,Upfield Line,511300,0.02591845467326854,650,0.15789473684210525,12.890164339341862,0.004359244605427699
Moreland,Upfield Line,273050,0.013781914134930823,400,0.09210526315789473,20.019822195980506,0.0068536920804853265
Anstey,Upfield Line,365100,0.018470974183426046,550,0.13157894736842105,10.014471002710915,0.0033531281652229472
Brunswick,Upfield Line,350600,0.017732338977525113,300,0.06578947368421052,17.70971331892419,0.006045456205587663
Jewell,Upfield Line,395350,0.02001192004401247,350,0.07894736842105263,18.471927170933597,0.006312131333178596
Royal Park,Upfield Line,291800,0.014737045866699269,150,0.02631578947368421,26.867061502022583,0.009249330011717639
Flemington Bridge,Upfield Line,273600,0.01380993133239603,250,0.05263157894736842,19.140837562433514,0.006546162456504259
Macaulay,Upfield Line,303550,0.015335595085274161,200,0.039473684210526314,12.394287535909323,0.004185752599901768
North Melbourne,Craigieburn Line,1394050,0.07088605660492694,600,0.14473684210526316,24.382379028550666,0.008380016217578008
North Melbourne,Upfield Line,1394050,0.07088605660492694,600,0.14473684210526316,24.382379028550666,0.008380016217578008
North Melbourne,Flemington Line,1394050,0.07088605660492694,600,0.14473684210526316,24.382379028550666,0.008380016217578008
North Melbourne,Werribee Line,1394050,0.07088605660492694,600,0.14473684210526316,24.382379028550666,0.008380016217578008
North Melbourne,Werribee Line,1394050,0.07088605660492694,600,0.14473684210526316,24.382379028550666,0.008380016217578008
North Melbourne,Williamstown Line,1394050,0.07088605660492694,600,0.14473684210526316,24.382379028550666,0.008380016217578008
North Melbourne,Werribee Line,1394050,0.07088605660492694,600,0.14473684210526316,24.382379028550666,0.008380016217578008
Clifton Hill,Mernda Line,719300,0.036514049351019824,800,0.19736842105263158,37.444573994230836,0.012950075525615121
Clifton Hill,Hurstbridge Line,719300,0.036514049351019824,800,0.19736842105263158,37.444573994230836,0.012950075525615121
Victoria Park,Mernda Line,659700,0.03347800395297186,600,0.14473684210526316,55.884478457497686,0.01940162959084566
Victoria Park,Hurstbridge Line,659700,0.03347800395297186,600,0.14473684210526316,55.884478457497686,0.01940162959084566
Collingwood,Mernda Line,487500,0.024706074128410457,300,0.06578947368421052,67.13250973880254,0.023336968956800618
Collingwood,Hurstbridge Line,487500,0.024706074128410457,300,0.06578947368421052,67.13250973880254,0.023336968956800618
North Richmond,Mernda Line,608300,0.03085966949895063,350,0.07894736842105263,73.22838296085071,0.025469727060031457
North Richmond,Hurstbridge Line,608300,0.03085966949895063,350,0.07894736842105263,73.22838296085071,0.025469727060031457
West Richmond,Mernda Line,407750,0.020643580495955334,300,0.06578947368421052,24.387344101871705,0.008381753343658696
West Richmond,Hurstbridge Line,407750,0.020643580495955334,300,0.06578947368421052,24.387344101871705,0.008381753343658696
Jolimont,Mernda Line,1060400,0.05388980581535139,150,0.02631578947368421,29.121536288829056,0.010038101233648594
Jolimont,Hurstbridge Line,1060400,0.05388980581535139,150,0.02631578947368421,29.121536288829056,0.010038101233648594
Macleod,Hurstbridge Line,314850,0.01591122114228661,500,0.11842105263157894,26.46066694410689,0.009107145085139986
Watsonia,Hurstbridge Line,315600,0.01594942641155735,600,0.14473684210526316,94.93669255116389,0.03306479531353889
Greensborough,Hurstbridge Line,378250,0.019140839904639648,500,0.11842105263157894,35.17868091657879,0.012157309395745816
Montmorency,Hurstbridge Line,175700,0.008822870183589054,300,0.06578947368421052,84.04789937973516,0.0292551422868366
Eltham,Hurstbridge Line,344100,0.017401226643845386,500,0.11842105263157894,135.05566799178243,0.04710118794303475
Diamond Creek,Hurstbridge Line,114700,0.005715508282902378,200,0.039473684210526314,194.39126987907986,0.06786088571324086
Wattle Glen,Hurstbridge Line,27200,0.0012582268679829655,50,0.0,16.37162534807915,0.005577300478146762
Hurstbridge,Hurstbridge Line,75700,0.003728834280824011,100,0.013157894736842105,38.08988331633474,0.013175849362385481
Williamstown,Williamstown Line,149500,0.007488232777064612,150,0.02631578947368421,302.9140959722734,0.1058296767797327
Williamstown Beach,Williamstown Line,166350,0.008346577826680522,200,0.039473684210526314,399.53113612905526,0.13963300040517396
North Williamstown,Williamstown Line,271600,0.01370805061434073,450,0.10526315789473684,28.85930198744959,0.009946353536339329
Newport,Williamstown Line,1245950,0.06334178943293192,2100,0.5394736842105263,55.958038177921416,0.01942736586915894
Newport,Werribee Line,1245950,0.06334178943293192,2100,0.5394736842105263,55.958038177921416,0.01942736586915894
Spotswood,Williamstown Line,354600,0.017936100413635716,450,0.10526315789473684,162.08417590772663,0.05655762956775089
Spotswood,Werribee Line,354600,0.017936100413635716,450,0.10526315789473684,162.08417590772663,0.05655762956775089
Yarraville,Williamstown Line,820600,0.04167430772052082,1300,0.32894736842105265,11.87746004969914,0.004004930596386276
Yarraville,Werribee Line,820600,0.04167430772052082,1300,0.32894736842105265,11.87746004969914,0.004004930596386276
Seddon,Williamstown Line,416600,0.02109440267335004,750,0.18421052631578946,56.207854888255255,0.01951476903419851
Seddon,Werribee Line,416600,0.02109440267335004,750,0.18421052631578946,56.207854888255255,0.01951476903419851
Watergardens,Cranbourne Line,1295450,0.06586333720480061,2350,0.6052631578947368,34.50404333739428,0.011921274506019819
Watergardens,Pakenham Line,1295450,0.06586333720480061,2350,0.6052631578947368,34.50404333739428,0.011921274506019819
Watergardens,Sunbury Line,1295450,0.06586333720480061,2350,0.6052631578947368,34.50404333739428,0.011921274506019819
Keilor Plains,Cranbourne Line,599750,0.03042412942926422,1150,0.2894736842105263,11.01279923654305,0.00370241243555333
Keilor Plains,Pakenham Line,599750,0.03042412942926422,1150,0.2894736842105263,11.01279923654305,0.00370241243555333
Keilor Plains,Sunbury Line,599750,0.03042412942926422,1150,0.2894736842105263,11.01279923654305,0.00370241243555333
St Albans,Cranbourne Line,962650,0.048910385720398554,1250,0.3157894736842105,31.33941434549238,0.01081406838798801
St Albans,Pakenham Line,962650,0.048910385720398554,1250,0.3157894736842105,31.33941434549238,0.01081406838798801
St Albans,Sunbury Line,962650,0.048910385720398554,1250,0.3157894736842105,31.33941434549238,0.01081406838798801
Ginifer,Cranbourne Line,624500,0.03168490331519856,900,0.2236842105263158,3.2458591288283842,0.0009849995484015664
Ginifer,Pakenham Line,624500,0.03168490331519856,900,0.2236842105263158,3.2458591288283842,0.0009849995484015664
Ginifer,Sunbury Line,624500,0.03168490331519856,900,0.2236842105263158,3.2458591288283842,0.0009849995484015664
Albion,Cranbourne Line,413900,0.020956863703975384,750,0.18421052631578946,299.6041411315992,0.10467162562764458
Albion,Pakenham Line,413900,0.020956863703975384,750,0.18421052631578946,299.6041411315992,0.10467162562764458
Albion,Sunbury Line,413900,0.020956863703975384,750,0.18421052631578946,299.6041411315992,0.10467162562764458
Epping,Mernda Line,748150,0.03798367870896754,900,0.2236842105263158,2.9416781748994385,0.0008785760105901172
Lalor,Mernda Line,494550,0.025065203659555394,800,0.19736842105263158,70.94914498210892,0.024672291960697198
Thomastown,Mernda Line,595700,0.030217820975202234,800,0.19736842105263158,51.2324486762521,0.01777402779352857
Keon Park,Mernda Line,293800,0.01483892658475457,350,0.07894736842105263,23.193905908406496,0.007964206113737321
Ruthven,Mernda Line,289350,0.014612241987081526,500,0.11842105263157894,33.74979578161504,0.01165738653987709
Reservoir,Mernda Line,757800,0.03847525317358437,900,0.2236842105263158,37.47685434316695,0.012961369424497337
Regent,Mernda Line,382700,0.019367524502312692,700,0.17105263157894737,50.3883274990727,0.0174786958180822
Preston,Mernda Line,581250,0.029481732787252683,650,0.15789473684210525,30.02994726396143,0.010355926227329554
Bell,Mernda Line,412250,0.020872812111579764,550,0.13157894736842105,2.169941470441404,0.0006085691305191248
Thornbury,Mernda Line,376150,0.019033865150681582,650,0.15789473684210525,49.96984281690827,0.017332280929771206
Croxton,Mernda Line,244250,0.012314831794934492,450,0.10526315789473684,41.44933964924351,0.014351219560464168
Northcote,Mernda Line,293050,0.014800721315483831,350,0.07894736842105263,31.30115102506641,0.010800681231837871
Merri,Mernda Line,147850,0.007404181184668989,200,0.039473684210526314,109.98597052124158,0.03833007370259179
Rushall,Mernda Line,123150,0.006145954316686024,150,0.02631578947368421,13.769591142533054,0.0046669289309350815
Sunshine,Cranbourne Line,1577600,0.08023615950445219,1650,0.42105263157894735,35.67853134640499,0.012332191650639078
Sunshine,Pakenham Line,1577600,0.08023615950445219,1650,0.42105263157894735,35.67853134640499,0.012332191650639078
Sunshine,Sunbury Line,1577600,0.08023615950445219,1650,0.42105263157894735,35.67853134640499,0.012332191650639078
Tottenham,Cranbourne Line,394350,0.01996097968498482,700,0.17105263157894737,159.04983886145982,0.05549600858456636
Tottenham,Pakenham Line,394350,0.01996097968498482,700,0.17105263157894737,159.04983886145982,0.05549600858456636
Tottenham,Sunbury Line,394350,0.01996097968498482,700,0.17105263157894737,159.04983886145982,0.05549600858456636
West Footscray,Cranbourne Line,512550,0.0259821301220531,1100,0.27631578947368424,3.836854728837871,0.001191770688315546
West Footscray,Pakenham Line,512550,0.0259821301220531,1100,0.27631578947368424,3.836854728837871,0.001191770688315546
West Footscray,Sunbury Line,512550,0.0259821301220531,1100,0.27631578947368424,3.836854728837871,0.001191770688315546
Middle Footscray,Cranbourne Line,190800,0.009592069604906576,350,0.07894736842105263,58.70799590680383,0.020389491296669986
Middle Footscray,Pakenham Line,190800,0.009592069604906576,350,0.07894736842105263,58.70799590680383,0.020389491296669986
Middle Footscray,Sunbury Line,190800,0.009592069604906576,350,0.07894736842105263,58.70799590680383,0.020389491296669986
Footscray,Cranbourne Line,4383950,0.22319263606169895,3850,1.0,38.93592063753091,0.013471851737548161
Footscray,Pakenham Line,4383950,0.22319263606169895,3850,1.0,38.93592063753091,0.013471851737548161
Footscray,Sunbury Line,4383950,0.22319263606169895,3850,1.0,38.93592063753091,0.013471851737548161
Footscray,Werribee Line,4383950,0.22319263606169895,3850,1.0,38.93592063753091,0.013471851737548161
Footscray,Werribee Line,4383950,0.22319263606169895,3850,1.0,38.93592063753091,0.013471851737548161
Footscray,Williamstown Line,4383950,0.22319263606169895,3850,1.0,38.93592063753091,0.013471851737548161
Footscray,Werribee Line,4383950,0.22319263606169895,3850,1.0,38.93592063753091,0.013471851737548161
South Kensington,Williamstown Line,324400,0.01639770157100067,450,0.10526315789473684,31.731746850334254,0.010951333435731443
South Kensington,Werribee Line,324400,0.01639770157100067,450,0.10526315789473684,31.731746850334254,0.010951333435731443
Flemington Racecourse,Flemington Line,145550,0.007287018358905393,50,0.0,393.3385774153138,0.13746641502923546
Showgrounds,Unknown,114900,0.005725696354707908,50,0.0,348.4173076294689,0.12174984766417646
Broadmeadows,Craigieburn Line,878300,0.044613566436416244,650,0.15789473684210525,54.838954242037104,0.019035832901606375
Jacana,Craigieburn Line,213150,0.010730586629174562,300,0.06578947368421052,24.17327046984734,0.008306855579752343
Glenroy,Craigieburn Line,740900,0.037614361106017076,1000,0.25,37.02863461176817,0.012804551159197602
Oak Park,Craigieburn Line,418000,0.02116571917598875,750,0.18421052631578946,16.72976575905213,0.005702602766395532
Pascoe Vale,Craigieburn Line,538950,0.027326955600383073,950,0.23684210526315788,83.45165646235014,0.02904653527234892
Strathmore,Craigieburn Line,303300,0.015322859995517248,550,0.13157894736842105,14.72964774711529,0.005002823138113997
Glenbervie,Craigieburn Line,272200,0.01373861482975732,500,0.11842105263157894,127.33826334067234,0.044401105984959485
Essendon,Craigieburn Line,1347950,0.06853770605375227,2150,0.5526315789473685,133.0609908499937,0.046403311907474765
Moonee Ponds,Craigieburn Line,782550,0.039736027059518716,1050,0.2631578947368421,14.607435818178086,0.004960064952000552
Ascot Vale,Craigieburn Line,491400,0.024904741528618293,900,0.2236842105263158,167.8447782639356,0.058573086731501973
Newmarket,Craigieburn Line,600650,0.030469975752389102,850,0.21052631578947367,28.007943278337248,0.009648489371604384
Kensington,Craigieburn Line,421500,0.02134401043258553,650,0.15789473684210525,19.820139362640287,0.006783829213366946
Box Hill,Belgrave Line,2648350,0.13478054893330887,2600,0.6710526315789473,175.8887381210636,0.06138742028839131
Box Hill,Lilydale Line,2648350,0.13478054893330887,2600,0.6710526315789473,175.8887381210636,0.06138742028839131
Southern Cross,Mernda Line,14696050,0.748494712390733,3100,0.8026315789473685,192.9158134215079,0.06734466898739604
Southern Cross,Hurstbridge Line,14696050,0.748494712390733,3100,0.8026315789473685,192.9158134215079,0.06734466898739604
Southern Cross,Craigieburn Line,14696050,0.748494712390733,3100,0.8026315789473685,192.9158134215079,0.06734466898739604
Southern Cross,Upfield Line,14696050,0.748494712390733,3100,0.8026315789473685,192.9158134215079,0.06734466898739604
Southern Cross,Flemington Line,14696050,0.748494712390733,3100,0.8026315789473685,192.9158134215079,0.06734466898739604
Southern Cross,Frankston Line,14696050,0.748494712390733,3100,0.8026315789473685,192.9158134215079,0.06734466898739604
Southern Cross,Werribee Line,14696050,0.748494712390733,3100,0.8026315789473685,192.9158134215079,0.06734466898739604
Southern Cross,Werribee Line,14696050,0.748494712390733,3100,0.8026315789473685,192.9158134215079,0.06734466898739604
Southern Cross,Williamstown Line,14696050,0.748494712390733,3100,0.8026315789473685,192.9158134215079,0.06734466898739604
Southern Cross,Werribee Line,14696050,0.748494712390733,3100,0.8026315789473685,192.9158134215079,0.06734466898739604
Southern Cross,Alamein Line,14696050,0.748494712390733,3100,0.8026315789473685,192.9158134215079,0.06734466898739604
Southern Cross,Belgrave Line,14696050,0.748494712390733,3100,0.8026315789473685,192.9158134215079,0.06734466898739604
Southern Cross,Glen Waverly Line,14696050,0.748494712390733,3100,0.8026315789473685,192.9158134215079,0.06734466898739604
Southern Cross,Lilydale Line,14696050,0.748494712390733,3100,0.8026315789473685,192.9158134215079,0.06734466898739604
Roxburgh Park,Craigieburn Line,498650,0.02527405913156876,750,0.18421052631578946,53.40796206663684,0.01853517285724945
Craigieburn,Craigieburn Line,1508250,0.07670344560588463,2400,0.618421052631579,27.94534384324016,0.009626587759218796
Coolaroo,Craigieburn Line,281400,0.014207266132811704,500,0.11842105263157894,97.3321516961666,0.033902892615822744
Lynbrook,Cranbourne Line,407450,0.020628298388247042,800,0.19736842105263158,88.72539985628543,0.030891655495173444
Lynbrook,Sunbury Line,407450,0.020628298388247042,800,0.19736842105263158,88.72539985628543,0.030891655495173444
Cardinia Road,Pakenham Line,405950,0.020551887849705564,650,0.15789473684210525,18.59101480446504,0.006353796424652305
Cardinia Road,Sunbury Line,405950,0.020551887849705564,650,0.15789473684210525,18.59101480446504,0.006353796424652305
South Morang,Mernda Line,569650,0.028890824622531938,750,0.18421052631578946,8.861185931218142,0.0029496292747498063
Williams Landing,Werribee Line,1389550,0.07065682498930252,2850,0.7368421052631579,14.192892298861203,0.0048150289550629635
Union,Belgrave Line,593100,0.030085376041730342,1200,0.3026315789473684,30.683180426809393,0.01058447237168244
Union,Lilydale Line,593100,0.030085376041730342,1200,0.3026315789473684,30.683180426809393,0.01058447237168244
East Pakenham,Pakenham Line,54500,0.0026488986694378222,50,0.0,28.325251120031297,0.009759505602739894
East Pakenham,Sunbury Line,54500,0.0026488986694378222,50,0.0,28.325251120031297,0.009759505602739894
Southland,Frankston Line,479000,0.02427308107667543,250,0.05263157894736842,220.54607704402218,0.07701164638157516
Middle Gorge,Mernda Line,222950,0.011229802147645537,350,0.07894736842105263,51.967974992570475,0.018031365775164038
Hawkstowe,Mernda Line,208500,0.010493713959695988,400,0.09210526315789473,14.863485714694995,0.0050496489167150245
Mernda,Mernda Line,662700,0.03363082503005481,1100,0.27631578947368424,13.06268161969017,0.004419603083074414
