Fin_year,Stop_ID,Stop_name,Stop_lat,Stop_long,Pax_annual,Pax_weekday,Pax_norm_weekday,Pax_sch_hol_weekday,Pax_Saturday,Pax_Sunday,Pax_pre_AM_peak,Pax_AM_peak,Pax_interpeak,Pax_PM_peak,Pax_PM_late,Bike_Path_Dist_m,total_safe_bike_path_meters,Pax_annual_norm,Pax_AM_peak_norm,Bike_Path_Dist_m_norm,Train_Line
FY24-25,15351,Sunbury,-37.57909097,144.7273188,691050,2200,2250,1950,1450,950,450,850,450,400,100,77.38856219402884,3205.795129303044,0.0350749842084887,0.21052631578947367,0.02692524551444448,Cranbourne Line
FY24-25,15351,Sunbury,-37.57909097,144.7273188,691050,2200,2250,1950,1450,950,450,850,450,400,100,77.38856219402884,3205.795129303044,0.0350749842084887,0.21052631578947367,0.02692524551444448,Pakenham Line
FY24-25,15351,Sunbury,-37.57909097,144.7273188,691050,2200,2250,1950,1450,950,450,850,450,400,100,77.38856219402884,3205.795129303044,0.0350749842084887,0.21052631578947367,0.02692524551444448,Sunbury Line
FY24-25,15353,Diggers Rest,-37.62701651,144.7199224,165600,550,600,450,200,150,100,300,100,50,50,80.20664476094744,751.5697013272159,0.008308372557409785,0.06578947368421052,0.027911205722480074,Cranbourne Line
FY24-25,15353,Diggers Rest,-37.62701651,144.7199224,165600,550,600,450,200,150,100,300,100,50,50,80.20664476094744,751.5697013272159,0.008308372557409785,0.06578947368421052,0.027911205722480074,Pakenham Line
FY24-25,15353,Diggers Rest,-37.62701651,144.7199224,165600,550,600,450,200,150,100,300,100,50,50,80.20664476094744,751.5697013272159,0.008308372557409785,0.06578947368421052,0.027911205722480074,Sunbury Line
FY24-25,19827,Stony Point,-38.37423454,145.2218375,6950,50,50,50,50,50,50,50,50,50,50,2858.64178070663,0,2.266845976730444e-4,0,1,Stony Point Line
FY24-25,19828,Crib Point,-38.36612338,145.2040433,7900,50,50,50,50,50,50,50,50,50,50,1120.213573742127,0,2.750779387493123e-4,0,0.3917775665218223,Stony Point Line
FY24-25,19829,Morradoo,-38.35403334,145.1896025,3400,50,50,50,50,50,50,50,50,50,50,47.251825531042805,826.123665693873,4.5846323124885384e-5,0,0.016381330478540637,Stony Point Line
FY24-25,19830,Bittern,-38.33739032,145.1780265,8800,50,50,50,50,50,50,50,50,50,50,48.74584622282044,2165.355444539814,3.2092426187419767e-4,0,0.01690404225759445,Stony Point Line
FY24-25,19831,Hastings,-38.30565853,145.1859799,10850,50,50,50,50,50,50,50,50,50,50,630.5243243515991,186.79821845279253,4.253519978808811e-4,0,0.22045039539148711,Stony Point Line
FY24-25,19832,Tyabb,-38.259815,145.1864007,4050,50,50,50,50,50,50,50,50,50,50,247.79077021473864,947.2368427142795,7.895755649285817e-5,0,0.08654372456189534,Stony Point Line
FY24-25,19833,Somerville,-38.22534196,145.1762449,8050,50,50,50,50,50,50,50,50,50,50,44.77918451306185,886.4517980459752,2.827189926034599e-4,0,0.015516229618436472,Stony Point Line
FY24-25,19834,Baxter,-38.19404306,145.1605261,2500,50,50,50,50,50,50,50,50,50,50,25.027077256787337,3226.152847282822,0,0,0.008605576251444386,Stony Point Line
FY24-25,19835,Glen Iris,-37.85930842,145.0582249,261300,850,900,600,550,350,50,400,150,250,50,44.37255668374908,4350.702328622156,0.01318336491635593,0.09210526315789473,0.01537396307738879,Glen Waverly Line
FY24-25,19836,Leawarra,-38.152034,145.139534,5500,50,50,50,50,50,50,50,50,50,50,14.142949608913705,1667.930165138517,1.5282107708295127e-4,0,0.0047975555475948724,Stony Point Line
FY24-25,19837,Darling,-37.86895684,145.0629508,262650,800,850,650,550,400,50,500,150,150,50,148.0050855079259,3045.106049419255,0.013252134401043258,0.11842105263157894,0.05163178989843351,Glen Waverly Line
FY24-25,19838,East Malvern,-37.87693002,145.069393,333800,1050,1050,850,750,550,50,600,200,150,50,58.65799389379561,3034.5528693071146,0.016876540945860587,0.14473684210526316,0.020371997133891893,Glen Waverly Line
FY24-25,19839,Holmesglen,-37.87440222,145.090662,383100,1200,1250,900,850,650,50,450,350,350,50,105.99235265212391,3820.675906992422,0.01938790064592375,0.10526315789473684,0.03693282993433862,Glen Waverly Line
FY24-25,19840,Jordanville,-37.87360339,145.1120902,388950,1250,1300,1000,750,550,100,750,250,200,50,44.741177362541954,1324.2385520069602,0.019685901746235506,0.18421052631578946,0.015502932088238691,Glen Waverly Line
FY24-25,19841,Flagstaff,-37.81198131,144.9556538,3445200,12350,13100,9500,2900,2200,150,850,2550,8450,1150,3.080857663216399,6527.519012668268,0.17537237402449213,0.21052631578947367,9.272706226168063e-4,Mernda Line
FY24-25,19841,Flagstaff,-37.81198131,144.9556538,3445200,12350,13100,9500,2900,2200,150,850,2550,8450,1150,3.080857663216399,6527.519012668268,0.17537237402449213,0.21052631578947367,9.272706226168063e-4,Hurstbridge Line
FY24-25,19841,Flagstaff,-37.81198131,144.9556538,3445200,12350,13100,9500,2900,2200,150,850,2550,8450,1150,3.080857663216399,6527.519012668268,0.17537237402449213,0.21052631578947367,9.272706226168063e-4,Craigieburn Line
FY24-25,19841,Flagstaff,-37.81198131,144.9556538,3445200,12350,13100,9500,2900,2200,150,850,2550,8450,1150,3.080857663216399,6527.519012668268,0.17537237402449213,0.21052631578947367,9.272706226168063e-4,Upfield Line
FY24-25,19841,Flagstaff,-37.81198131,144.9556538,3445200,12350,13100,9500,2900,2200,150,850,2550,8450,1150,3.080857663216399,6527.519012668268,0.17537237402449213,0.21052631578947367,9.272706226168063e-4,Frankston Line
FY24-25,19841,Flagstaff,-37.81198131,144.9556538,3445200,12350,13100,9500,2900,2200,150,850,2550,8450,1150,3.080857663216399,6527.519012668268,0.17537237402449213,0.21052631578947367,9.272706226168063e-4,Alamein Line
FY24-25,19841,Flagstaff,-37.81198131,144.9556538,3445200,12350,13100,9500,2900,2200,150,850,2550,8450,1150,3.080857663216399,6527.519012668268,0.17537237402449213,0.21052631578947367,9.272706226168063e-4,Belgrave Line
FY24-25,19841,Flagstaff,-37.81198131,144.9556538,3445200,12350,13100,9500,2900,2200,150,850,2550,8450,1150,3.080857663216399,6527.519012668268,0.17537237402449213,0.21052631578947367,9.272706226168063e-4,Glen Waverly Line
FY24-25,19841,Flagstaff,-37.81198131,144.9556538,3445200,12350,13100,9500,2900,2200,150,850,2550,8450,1150,3.080857663216399,6527.519012668268,0.17537237402449213,0.21052631578947367,9.272706226168063e-4,Lilydale Line
FY24-25,19842,Melbourne Central,-37.80993877,144.9625935,11876900,38300,39700,33000,20650,17250,300,1650,9500,21750,6550,6.124393826162657,9009.555192597249,0.6048861992379322,0.42105263157894735,0.0019921100931166126,Mernda Line
FY24-25,19842,Melbourne Central,-37.80993877,144.9625935,11876900,38300,39700,33000,20650,17250,300,1650,9500,21750,6550,6.124393826162657,9009.555192597249,0.6048861992379322,0.42105263157894735,0.0019921100931166126,Hurstbridge Line
FY24-25,19842,Melbourne Central,-37.80993877,144.9625935,11876900,38300,39700,33000,20650,17250,300,1650,9500,21750,6550,6.124393826162657,9009.555192597249,0.6048861992379322,0.42105263157894735,0.0019921100931166126,Craigieburn Line
FY24-25,19842,Melbourne Central,-37.80993877,144.9625935,11876900,38300,39700,33000,20650,17250,300,1650,9500,21750,6550,6.124393826162657,9009.555192597249,0.6048861992379322,0.42105263157894735,0.0019921100931166126,Upfield Line
FY24-25,19842,Melbourne Central,-37.80993877,144.9625935,11876900,38300,39700,33000,20650,17250,300,1650,9500,21750,6550,6.124393826162657,9009.555192597249,0.6048861992379322,0.42105263157894735,0.0019921100931166126,Frankston Line
FY24-25,19842,Melbourne Central,-37.80993877,144.9625935,11876900,38300,39700,33000,20650,17250,300,1650,9500,21750,6550,6.124393826162657,9009.555192597249,0.6048861992379322,0.42105263157894735,0.0019921100931166126,Alamein Line
FY24-25,19842,Melbourne Central,-37.80993877,144.9625935,11876900,38300,39700,33000,20650,17250,300,1650,9500,21750,6550,6.124393826162657,9009.555192597249,0.6048861992379322,0.42105263157894735,0.0019921100931166126,Belgrave Line
FY24-25,19842,Melbourne Central,-37.80993877,144.9625935,11876900,38300,39700,33000,20650,17250,300,1650,9500,21750,6550,6.124393826162657,9009.555192597249,0.6048861992379322,0.42105263157894735,0.0019921100931166126,Glen Waverly Line
FY24-25,19842,Melbourne Central,-37.80993877,144.9625935,11876900,38300,39700,33000,20650,17250,300,1650,9500,21750,6550,6.124393826162657,9009.555192597249,0.6048861992379322,0.42105263157894735,0.0019921100931166126,Lilydale Line
FY24-25,19843,Parliament,-37.81105406,144.9729109,6344650,22350,23550,17950,6450,4750,150,850,3950,16000,2600,3.7632814968151305,8863.543559291147,0.32307139800721313,0.21052631578947367,0.0011660296827103375,Mernda Line
FY24-25,19843,Parliament,-37.81105406,144.9729109,6344650,22350,23550,17950,6450,4750,150,850,3950,16000,2600,3.7632814968151305,8863.543559291147,0.32307139800721313,0.21052631578947367,0.0011660296827103375,Hurstbridge Line
FY24-25,19843,Parliament,-37.81105406,144.9729109,6344650,22350,23550,17950,6450,4750,150,850,3950,16000,2600,3.7632814968151305,8863.543559291147,0.32307139800721313,0.21052631578947367,0.0011660296827103375,Craigieburn Line
FY24-25,19843,Parliament,-37.81105406,144.9729109,6344650,22350,23550,17950,6450,4750,150,850,3950,16000,2600,3.7632814968151305,8863.543559291147,0.32307139800721313,0.21052631578947367,0.0011660296827103375,Upfield Line
FY24-25,19843,Parliament,-37.81105406,144.9729109,6344650,22350,23550,17950,6450,4750,150,850,3950,16000,2600,3.7632814968151305,8863.543559291147,0.32307139800721313,0.21052631578947367,0.0011660296827103375,Frankston Line
FY24-25,19843,Parliament,-37.81105406,144.9729109,6344650,22350,23550,17950,6450,4750,150,850,3950,16000,2600,3.7632814968151305,8863.543559291147,0.32307139800721313,0.21052631578947367,0.0011660296827103375,Alamein Line
FY24-25,19843,Parliament,-37.81105406,144.9729109,6344650,22350,23550,17950,6450,4750,150,850,3950,16000,2600,3.7632814968151305,8863.543559291147,0.32307139800721313,0.21052631578947367,0.0011660296827103375,Belgrave Line
FY24-25,19843,Parliament,-37.81105406,144.9729109,6344650,22350,23550,17950,6450,4750,150,850,3950,16000,2600,3.7632814968151305,8863.543559291147,0.32307139800721313,0.21052631578947367,0.0011660296827103375,Glen Waverly Line
FY24-25,19843,Parliament,-37.81105406,144.9729109,6344650,22350,23550,17950,6450,4750,150,850,3950,16000,2600,3.7632814968151305,8863.543559291147,0.32307139800721313,0.21052631578947367,0.0011660296827103375,Lilydale Line
FY24-25,19844,Belgrave,-37.9091021,145.3552913,283100,850,900,750,650,450,100,300,200,250,50,168.36055311932827,754.1812416361516,0.01429386474315871,0.06578947368421052,0.058753540451947264,Belgrave Line
FY24-25,19845,Tecoma,-37.90811849,145.3429946,47250,150,150,150,100,50,50,100,50,50,50,40.735618239178216,1798.308474573544,0.0022795810664873566,0.013157894736842105,0.014101510443276418,Belgrave Line
FY24-25,19846,Upwey,-37.90369097,145.3313334,97850,300,350,250,200,150,50,150,50,50,50,22.227812837956275,1690.456235358423,0.0048571632332864685,0.02631578947368421,0.007626199933256821,Belgrave Line
FY24-25,19847,Alamein,-37.86832039,145.0796557,96200,300,350,250,150,100,50,200,50,50,50,16.95197735373036,2963.4745622915293,0.004773111640890845,0.039473684210526314,0.005780347752539225,Alamein Line
FY24-25,19848,Ashburton,-37.86196753,145.0813438,201950,700,700,600,300,200,50,400,150,100,50,10.823038043718693,3158.095477317832,0.010160054608064878,0.09210526315789473,0.0036360208445650067,Alamein Line
FY24-25,19849,Burwood,-37.85156328,145.0805111,221250,750,800,600,250,200,50,500,150,100,50,24.05166994630638,3022.9510143498596,0.011143203537298531,0.11842105263157894,0.008264311305537278,Alamein Line
FY24-25,19850,Hartwell,-37.84398457,145.0755596,138050,450,500,400,200,150,50,300,100,100,50,20.17832673692905,2470.100154838304,0.006904965666198015,0.06578947368421052,0.006909147932632021,Alamein Line
FY24-25,19851,Willison,-37.83571565,145.0702976,73100,250,250,200,100,50,50,150,50,50,50,140.92369765066252,2260.369201848125,0.0035963893473521203,0.02631578947368421,0.04915423060798217,Alamein Line
FY24-25,19852,Riversdale,-37.83150543,145.069646,144000,550,600,300,100,50,50,300,100,200,50,13.950290987345019,3367.8053801645233,0.007208060802412535,0.06578947368421052,0.004730150235617298,Alamein Line
FY24-25,19853,Camberwell,-37.82656714,145.0586972,1260400,3950,4100,3500,2350,2200,150,1100,850,1650,300,185.99063505193254,81.09773788050043,0.06407787762088148,0.27631578947368424,0.06492176258071256,Alamein Line
FY24-25,19853,Camberwell,-37.82656714,145.0586972,1260400,3950,4100,3500,2350,2200,150,1100,850,1650,300,185.99063505193254,81.09773788050043,0.06407787762088148,0.27631578947368424,0.06492176258071256,Belgrave Line
FY24-25,19853,Camberwell,-37.82656714,145.0586972,1260400,3950,4100,3500,2350,2200,150,1100,850,1650,300,185.99063505193254,81.09773788050043,0.06407787762088148,0.27631578947368424,0.06492176258071256,Lilydale Line
FY24-25,19854,Flinders Street,-37.81830513,144.9669643,19633300,60900,61800,57400,43150,31350,1100,3600,12600,33650,10900,61.80173275319669,13014.558599980634,1,0.9342105263157895,0.02147189443860922,Mernda Line
FY24-25,19854,Flinders Street,-37.81830513,144.9669643,19633300,60900,61800,57400,43150,31350,1100,3600,12600,33650,10900,61.80173275319669,13014.558599980634,1,0.9342105263157895,0.02147189443860922,Hurstbridge Line
FY24-25,19854,Flinders Street,-37.81830513,144.9669643,19633300,60900,61800,57400,43150,31350,1100,3600,12600,33650,10900,61.80173275319669,13014.558599980634,1,0.9342105263157895,0.02147189443860922,Craigieburn Line
FY24-25,19854,Flinders Street,-37.81830513,144.9669643,19633300,60900,61800,57400,43150,31350,1100,3600,12600,33650,10900,61.80173275319669,13014.558599980634,1,0.9342105263157895,0.02147189443860922,Upfield Line
FY24-25,19854,Flinders Street,-37.81830513,144.9669643,19633300,60900,61800,57400,43150,31350,1100,3600,12600,33650,10900,61.80173275319669,13014.558599980634,1,0.9342105263157895,0.02147189443860922,Flemington Line
FY24-25,19854,Flinders Street,-37.81830513,144.9669643,19633300,60900,61800,57400,43150,31350,1100,3600,12600,33650,10900,61.80173275319669,13014.558599980634,1,0.9342105263157895,0.02147189443860922,Frankston Line
FY24-25,19854,Flinders Street,-37.81830513,144.9669643,19633300,60900,61800,57400,43150,31350,1100,3600,12600,33650,10900,61.80173275319669,13014.558599980634,1,0.9342105263157895,0.02147189443860922,Sandringham Line
FY24-25,19854,Flinders Street,-37.81830513,144.9669643,19633300,60900,61800,57400,43150,31350,1100,3600,12600,33650,10900,61.80173275319669,13014.558599980634,1,0.9342105263157895,0.02147189443860922,Werribee Line
FY24-25,19854,Flinders Street,-37.81830513,144.9669643,19633300,60900,61800,57400,43150,31350,1100,3600,12600,33650,10900,61.80173275319669,13014.558599980634,1,0.9342105263157895,0.02147189443860922,Williamstown Line
FY24-25,19854,Flinders Street,-37.81830513,144.9669643,19633300,60900,61800,57400,43150,31350,1100,3600,12600,33650,10900,61.80173275319669,13014.558599980634,1,0.9342105263157895,0.02147189443860922,Alamein Line
FY24-25,19854,Flinders Street,-37.81830513,144.9669643,19633300,60900,61800,57400,43150,31350,1100,3600,12600,33650,10900,61.80173275319669,13014.558599980634,1,0.9342105263157895,0.02147189443860922,Belgrave Line
FY24-25,19854,Flinders Street,-37.81830513,144.9669643,19633300,60900,61800,57400,43150,31350,1100,3600,12600,33650,10900,61.80173275319669,13014.558599980634,1,0.9342105263157895,0.02147189443860922,Glen Waverly Line
FY24-25,19854,Flinders Street,-37.81830513,144.9669643,19633300,60900,61800,57400,43150,31350,1100,3600,12600,33650,10900,61.80173275319669,13014.558599980634,1,0.9342105263157895,0.02147189443860922,Lilydale Line
FY24-25,19855,Frankston,-38.14299007,145.1261623,1035450,3050,2950,3350,2750,1900,450,750,850,700,150,41.97288415169836,2013.4853467719158,0.05261884385761151,0.18421052631578946,0.014534391640876524,Frankston Line
FY24-25,19855,Frankston,-38.14299007,145.1261623,1035450,3050,2950,3350,2750,1900,450,750,850,700,150,41.97288415169836,2013.4853467719158,0.05261884385761151,0.18421052631578946,0.014534391640876524,Stony Point Line
FY24-25,19856,Kananook,-38.12174203,145.1352953,173050,550,550,550,350,200,100,250,100,100,50,9.42329236605588,2409.069248191694,0.008687878232165781,0.05263157894736842,0.0031462929864297523,Frankston Line
FY24-25,19857,Seaford,-38.10402104,145.1282304,320500,1000,1000,1000,700,500,200,450,200,150,50,41.97234768482699,3274.565446853093,0.016199034170792836,0.10526315789473684,0.01453420394765763,Frankston Line
FY24-25,19858,Carrum,-38.07489292,145.1224183,343700,1050,1050,950,850,550,150,450,250,150,50,9.738268793113244,5417.283667846239,0.017380850500234326,0.10526315789473684,0.0032564935274619327,Frankston Line
FY24-25,19859,Bonbeach,-38.06294478,145.1196804,141600,450,450,400,300,200,50,250,100,50,50,15.061584924961624,2296.55650829199,0.007085803940746174,0.05263157894736842,0.0051189577229434164,Frankston Line
FY24-25,19860,Chelsea,-38.05195538,145.1160413,352250,1100,1100,1000,800,550,100,500,250,200,50,12.446054183564087,1610.1471760974534,0.017816390569920737,0.11842105263157894,0.004203864153938599,Frankston Line
FY24-25,19861,Edithvale,-38.03805602,145.1085355,201450,650,650,600,450,300,50,350,150,100,50,5.0224205734930285,1662.4080769821198,0.010134584428551053,0.07894736842105263,0.0016065636260945953,Frankston Line
FY24-25,19862,Aspendale,-38.02722019,145.1021496,169500,550,550,450,350,250,50,300,100,100,50,16.625436205772697,330.8295001774224,0.008507039957617622,0.06578947368421052,0.005666101072207018,Frankston Line
FY24-25,19863,Mordialloc,-38.00658295,145.0876594,529850,1600,1600,1600,1300,850,100,650,350,400,100,49.80649690956024,5205.900629823023,0.026863398333231453,0.15789473684210525,0.017275131232781765,Frankston Line
FY24-25,19864,Parkdale,-37.99307882,145.0763268,268050,850,900,600,550,350,50,400,200,250,50,13.224274849164702,4125.250687566188,0.013527212339792571,0.09210526315789473,0.004476139572111378,Frankston Line
FY24-25,19865,Mentone,-37.9818654,145.0651659,583650,1900,2050,1500,1000,650,100,650,450,800,100,30.64292671828179,1750.752061193733,0.029603989648919044,0.15789473684210525,0.010570388840099658,Frankston Line
FY24-25,19866,Cheltenham,-37.96664989,145.0545579,717500,2200,2300,1800,1700,1100,200,1150,450,450,100,23.646259933219692,1856.2056481884715,0.03642235670477006,0.2894736842105263,0.00812247084084155,Frankston Line
FY24-25,19867,Upper Ferntree Gully,-37.8926717,145.3075302,180450,550,600,500,350,300,100,250,100,100,50,42.991690987754644,4572.197417609077,0.009064836888970394,0.05263157894736842,0.014890840742765154,Belgrave Line
FY24-25,19868,Ferntree Gully,-37.88169799,145.2952513,337700,1150,1200,950,500,350,150,650,200,150,50,46.49566702424372,1574.851724441849,0.017075208346068422,0.15789473684210525,0.01611677392955112,Belgrave Line
FY24-25,19869,Boronia,-37.8604518,145.2843851,462850,1500,1600,1300,800,550,200,800,350,200,50,27.71025353598943,1734.3140838742843,0.023450394278378875,0.19736842105263158,0.009544336908599635,Belgrave Line
FY24-25,19870,Bayswater,-37.84173004,145.2681364,446150,1450,1500,1300,800,550,150,700,300,300,50,16.59234783916458,4532.026220276195,0.022599690282617112,0.17105263157894737,0.005654524472852738,Belgrave Line
FY24-25,19871,Heathmont,-37.82832227,145.2445554,199600,700,700,550,250,200,50,400,100,100,50,18.550786447656755,1725.7930897599902,0.010040344764349899,0.09210526315789473,0.006339721762854515,Belgrave Line
FY24-25,19872,Highett,-37.948425,145.0418718,410950,1250,1300,1100,1000,650,100,600,300,250,50,185.65998775643152,167.49262257218368,0.020806589644843818,0.14473684210526316,0.06480607928594839,Frankston Line
FY24-25,19873,Glen Waverley,-37.87950407,145.1620575,1209700,3650,3850,2950,2900,2150,250,1600,900,800,250,16.708215444439425,1676.658794174318,0.061495201418179594,0.40789473684210525,0.0056950629757136694,Glen Waverly Line
FY24-25,19874,Syndal,-37.87622963,145.1497805,698100,2200,2350,1700,1400,1050,250,1250,350,350,50,47.53923901862404,2341.54334441842,0.035434113739633635,0.3157894736842105,0.01648188759682184,Glen Waverly Line
FY24-25,19875,Mount Waverley,-37.87525526,145.1280557,658250,2100,2250,1550,1300,950,150,1050,450,500,100,13.846086430153639,1134.5419621042415,0.03340414043238177,0.2631578947368421,0.004693692273706334,Glen Waverly Line
FY24-25,19876,Lilydale,-37.75551777,145.3477102,512300,1600,1700,1350,1050,800,200,600,400,400,50,42.7664181380768,2728.263517644297,0.02596939503229619,0.14473684210526316,0.014812024717876286,Lilydale Line
FY24-25,19877,Mooroolbark,-37.78474883,145.3124024,569250,1900,2000,1500,950,600,400,1000,350,250,50,20.87217598443911,3408.509071386382,0.02887044847892088,0.25,0.007151904392805004,Lilydale Line
FY24-25,19878,Croydon,-37.79543697,145.2805978,447350,1500,1550,1150,750,500,150,700,350,300,50,43.645200317983935,3198.9951593743085,0.02266081871345029,0.17105263157894737,0.01511948350957046,Lilydale Line
FY24-25,19879,Ringwood East,-37.811968039999996,145.2501909,268800,900,1000,650,400,250,100,500,200,150,50,14.601269732371524,1890.0118916914366,0.013565417609063308,0.11842105263157894,0.00495790762867867,Lilydale Line
FY24-25,19880,Pakenham,-38.08061397,145.4863791,495750,1550,1600,1400,1000,750,350,500,450,300,50,24.738338190280114,3627.0711104448947,0.025126332090388573,0.11842105263157894,0.00850455535396488,Pakenham Line
FY24-25,19880,Pakenham,-38.08061397,145.4863791,495750,1550,1600,1400,1000,750,350,500,450,300,50,24.738338190280114,3627.0711104448947,0.025126332090388573,0.11842105263157894,0.00850455535396488,Sunbury Line
FY24-25,19881,Officer,-38.06614572,145.4109872,208600,700,750,550,250,200,150,350,150,100,50,48.26149478366448,10184.006107488694,0.010498807995598753,0.07894736842105263,0.01673458262169928,Pakenham Line
FY24-25,19881,Officer,-38.06614572,145.4109872,208600,700,750,550,250,200,150,350,150,100,50,48.26149478366448,10184.006107488694,0.010498807995598753,0.07894736842105263,0.01673458262169928,Sunbury Line
FY24-25,19882,Beaconsfield,-38.05083135,145.3660737,199950,700,750,500,250,150,150,350,100,100,50,25.885075845828016,2455.5416980660716,0.010058173890009577,0.07894736842105263,0.0089057635054572409,Pakenham Line
FY24-25,19882,Beaconsfield,-38.05083135,145.3660737,199950,700,750,500,250,150,150,350,100,100,50,25.885075845828016,2455.5416980660716,0.010058173890009577,0.07894736842105263,0.0089057635054572409,Sunbury Line
FY24-25,19883,Berwick,-38.04040829,145.3457261,1008200,3450,3700,2600,1300,900,700,1600,750,600,100,59.940606075430225,3775.8578436848825,0.05123071907410803,0.40789473684210525,0.020820743593019317,Pakenham Line
FY24-25,19883,Berwick,-38.04040829,145.3457261,1008200,3450,3700,2600,1300,900,700,1600,750,600,100,59.940606075430225,3775.8578436848825,0.05123071907410803,0.40789473684210525,0.020820743593019317,Sunbury Line
FY24-25,19884,Narre Warren,-38.02780932,145.3039694,522200,1700,1800,1400,900,650,250,750,400,300,100,0.4305223300912203,7001.768327927237,0.026473704586669925,0.18421052631578946,0,Pakenham Line
FY24-25,19884,Narre Warren,-38.02780932,145.3039694,522200,1700,1800,1400,900,650,250,750,400,300,100,0.4305223300912203,7001.768327927237,0.026473704586669925,0.18421052631578946,0,Sunbury Line
FY24-25,19885,Hallam,-38.01774038,145.2697768,521500,1750,1850,1400,750,500,300,850,350,300,50,85.24457824786803,3558.9870544687433,0.02643804633535057,0.21052631578947367,0.029673823328913454,Pakenham Line
FY24-25,19885,Hallam,-38.01774038,145.2697768,521500,1750,1850,1400,750,500,300,850,350,300,50,85.24457824786803,3558.9870544687433,0.02643804633535057,0.21052631578947367,0.029673823328913454,Sunbury Line
FY24-25,19886,Cranbourne,-38.09953731,145.280599,1054250,3500,3650,2900,1650,1250,800,1600,800,400,100,27.162975766412323,1398.3670095726013,0.05357652260733134,0.40789473684210525,0.009352861289723248,Cranbourne Line
FY24-25,19886,Cranbourne,-38.09953731,145.280599,1054250,3500,3650,2900,1650,1250,800,1600,800,400,100,27.162975766412323,1398.3670095726013,0.05357652260733134,0.40789473684210525,0.009352861289723248,Sunbury Line
FY24-25,19887,Merinda Park,-38.07900048,145.2635114,577750,1950,2050,1600,750,550,400,1000,400,200,50,16.945858805782894,6240.368980499826,0.029303441530655908,0.25,0.005778207061248638,Cranbourne Line
FY24-25,19887,Merinda Park,-38.07900048,145.2635114,577750,1950,2050,1600,750,550,400,1000,400,200,50,16.945858805782894,6240.368980499826,0.029303441530655908,0.25,0.005778207061248638,Sunbury Line
FY24-25,19888,Dandenong,-37.98996792,145.2097254,1970750,6300,6500,5450,3750,2800,450,1350,1700,2400,600,66.67882422800102,4327.147795043244,0.10026336165617296,0.34210526315789475,0.023178238383799094,Cranbourne Line
FY24-25,19888,Dandenong,-37.98996792,145.2097254,1970750,6300,6500,5450,3750,2800,450,1350,1700,2400,600,66.67882422800102,4327.147795043244,0.10026336165617296,0.34210526315789475,0.023178238383799094,Pakenham Line
FY24-25,19888,Dandenong,-37.98996792,145.2097254,1970750,6300,6500,5450,3750,2800,450,1350,1700,2400,600,66.67882422800102,4327.147795043244,0.10026336165617296,0.34210526315789475,0.023178238383799094,Sunbury Line
FY24-25,19889,Yarraman,-37.97825454,145.1916003,272450,900,900,750,450,400,100,350,250,200,50,5.088414187154138,8170.799763785441,0.013751349919514233,0.07894736842105263,0.0016296527569164344,Cranbourne Line
FY24-25,19889,Yarraman,-37.97825454,145.1916003,272450,900,900,750,450,400,100,350,250,200,50,5.088414187154138,8170.799763785441,0.013751349919514233,0.07894736842105263,0.0016296527569164344,Pakenham Line
FY24-25,19889,Yarraman,-37.97825454,145.1916003,272450,900,900,750,450,400,100,350,250,200,50,5.088414187154138,8170.799763785441,0.013751349919514233,0.07894736842105263,0.0016296527569164344,Sunbury Line
FY24-25,19890,Noble Park,-37.96723193,145.1769357,993800,3200,3350,2600,1800,1400,350,1100,850,850,150,24.668366226186368,2892.5959942779614,0.05049717790410987,0.27631578947368424,0.008480074320980115,Cranbourne Line
FY24-25,19890,Noble Park,-37.96723193,145.1769357,993800,3200,3350,2600,1800,1400,350,1100,850,850,150,24.668366226186368,2892.5959942779614,0.05049717790410987,0.27631578947368424,0.008480074320980115,Pakenham Line
FY24-25,19890,Noble Park,-37.96723193,145.1769357,993800,3200,3350,2600,1800,1400,350,1100,850,850,150,24.668366226186368,2892.5959942779614,0.05049717790410987,0.27631578947368424,0.008480074320980115,Sunbury Line
FY24-25,19891,Sandown Park,-37.95650457,145.1628259,458700,1550,1650,1200,650,500,150,950,350,150,50,25.09635268801341,1878.3307305501162,0.023238991788414126,0.23684210526315788,0.00862981358905302,Cranbourne Line
FY24-25,19891,Sandown Park,-37.95650457,145.1628259,458700,1550,1650,1200,650,500,150,950,350,150,50,25.09635268801341,1878.3307305501162,0.023238991788414126,0.23684210526315788,0.00862981358905302,Pakenham Line
FY24-25,19891,Sandown Park,-37.95650457,145.1628259,458700,1550,1650,1200,650,500,150,950,350,150,50,25.09635268801341,1878.3307305501162,0.023238991788414126,0.23684210526315788,0.00862981358905302,Sunbury Line
FY24-25,19892,East Camberwell,-37.82589419,145.0681902,185950,600,700,350,300,200,50,250,150,250,50,24.323702997237195,3555.08641515233,0.00934500886362247,0.05263157894736842,0.008359487283216874,Belgrave Line
FY24-25,19892,East Camberwell,-37.82589419,145.0681902,185950,600,700,350,300,200,50,250,150,250,50,24.323702997237195,3555.08641515233,0.00934500886362247,0.05263157894736842,0.008359487283216874,Lilydale Line
FY24-25,19893,Canterbury,-37.82448518,145.0812242,268450,850,900,650,500,400,50,400,200,250,50,152.30848825472785,521.5823829816404,0.01354758848340363,0.09210526315789473,0.05313741784464986,Belgrave Line
FY24-25,19893,Canterbury,-37.82448518,145.0812242,268450,850,900,650,500,400,50,400,200,250,50,152.30848825472785,521.5823829816404,0.01354758848340363,0.09210526315789473,0.05313741784464986,Lilydale Line
FY24-25,19894,Chatham,-37.82429952,145.0886479,183300,600,600,500,350,250,50,300,150,150,50,418.7797202775162,153.7598009512427,0.009210016912199198,0.06578947368421052,0.14636748656047452,Belgrave Line
FY24-25,19894,Chatham,-37.82429952,145.0886479,183300,600,600,500,350,250,50,300,150,150,50,418.7797202775162,153.7598009512427,0.009210016912199198,0.06578947368421052,0.14636748656047452,Lilydale Line
FY24-25,19897,Laburnum,-37.82078023,145.1407027,316900,1000,1100,750,600,450,50,550,200,250,50,28.083407987402445,2078.2380291138334,0.016015648878293293,0.13157894736842105,0.00967489214671208,Belgrave Line
FY24-25,19897,Laburnum,-37.82078023,145.1407027,316900,1000,1100,750,600,450,50,550,200,250,50,28.083407987402445,2078.2380291138334,0.016015648878293293,0.13157894736842105,0.00967489214671208,Lilydale Line
FY24-25,19898,Blackburn,-37.82007075,145.1500135,1206950,3750,3950,3100,2600,1950,250,1850,800,900,150,37.61076030571297,2363.3109941469534,0.061355115430853556,0.47368421052631576,0.013008218992440779,Belgrave Line
FY24-25,19898,Blackburn,-37.82007075,145.1500135,1206950,3750,3950,3100,2600,1950,250,1850,800,900,150,37.61076030571297,2363.3109941469534,0.061355115430853556,0.47368421052631576,0.013008218992440779,Lilydale Line
FY24-25,19899,Nunawading,-37.82060317,145.1748917,758050,2500,2600,2150,1250,950,200,1250,500,550,100,9.61039825637404,2238.145030563109,0.03848798826334128,0.3157894736842105,0.00321175556893474,Belgrave Line
FY24-25,19899,Nunawading,-37.82060317,145.1748917,758050,2500,2600,2150,1250,950,200,1250,500,550,100,9.61039825637404,2238.145030563109,0.03848798826334128,0.3157894736842105,0.00321175556893474,Lilydale Line
FY24-25,19900,Mitcham,-37.81800987,145.1919735,925550,3050,3200,2550,1550,1050,350,1600,600,600,100,33.04518419661333,2279.4473818902034,0.047020498400472725,0.40789473684210525,0.011410864669621098,Belgrave Line
FY24-25,19900,Mitcham,-37.81800987,145.1919735,925550,3050,3200,2550,1550,1050,350,1600,600,600,100,33.04518419661333,2279.4473818902034,0.047020498400472725,0.40789473684210525,0.011410864669621098,Lilydale Line
FY24-25,19901,Heatherdale,-37.81889537,145.2127872,448700,1500,1600,1250,650,450,200,900,250,250,50,12.865384827458286,4346.363095831231,0.02272958819813762,0.2236842105263158,0.004350575018177647,Belgrave Line
FY24-25,19901,Heatherdale,-37.81889537,145.2127872,448700,1500,1600,1250,650,450,200,900,250,250,50,12.865384827458286,4346.363095831231,0.02272958819813762,0.2236842105263158,0.004350575018177647,Lilydale Line
FY24-25,19902,Ringwood,-37.81588648,145.2289685,1514250,4650,4700,4500,3350,2450,350,1300,1250,1500,350,39.20724294655856,4344.669433605989,0.07700908776005053,0.32894736842105265,0.013566779048548173,Belgrave Line
FY24-25,19902,Ringwood,-37.81588648,145.2289685,1514250,4650,4700,4500,3350,2450,350,1300,1250,1500,350,39.20724294655856,4344.669433605989,0.07700908776005053,0.32894736842105265,0.013566779048548173,Lilydale Line
FY24-25,19903,Auburn,-37.82239831,145.0458437,650000,2050,2150,1700,1300,950,100,950,450,600,100,292.89841807496987,532.3275448680205,0.03298388247040365,0.23684210526315788,0.1023254998691035,Alamein Line
FY24-25,19903,Auburn,-37.82239831,145.0458437,650000,2050,2150,1700,1300,950,100,950,450,600,100,292.89841807496987,532.3275448680205,0.03298388247040365,0.23684210526315788,0.1023254998691035,Belgrave Line
FY24-25,19903,Auburn,-37.82239831,145.0458437,650000,2050,2150,1700,1300,950,100,950,450,600,100,292.89841807496987,532.3275448680205,0.03298388247040365,0.23684210526315788,0.1023254998691035,Lilydale Line
FY24-25,19904,Glenferrie,-37.82146682,145.0364388,1978650,6800,7300,4900,2500,1900,100,1050,2000,3450,650,76.01540662299614,1479.168866876335,0.10066579049249139,0.2631578947368421,0.026444820714840042,Alamein Line
FY24-25,19904,Glenferrie,-37.82146682,145.0364388,1978650,6800,7300,4900,2500,1900,100,1050,2000,3450,650,76.01540662299614,1479.168866876335,0.10066579049249139,0.2631578947368421,0.026444820714840042,Belgrave Line
FY24-25,19904,Glenferrie,-37.82146682,145.0364388,1978650,6800,7300,4900,2500,1900,100,1050,2000,3450,650,76.01540662299614,1479.168866876335,0.10066579049249139,0.2631578947368421,0.026444820714840042,Lilydale Line
FY24-25,19905,Hawthorn,-37.82182601,145.0228987,531400,1750,1850,1400,850,650,50,700,350,700,50,33.09903881753213,6401.43684421256,0.02694235588972431,0.17105263157894737,0.011429706741130323,Alamein Line
FY24-25,19905,Hawthorn,-37.82182601,145.0228987,531400,1750,1850,1400,850,650,50,700,350,700,50,33.09903881753213,6401.43684421256,0.02694235588972431,0.17105263157894737,0.011429706741130323,Belgrave Line
FY24-25,19905,Hawthorn,-37.82182601,145.0228987,531400,1750,1850,1400,850,650,50,700,350,700,50,33.09903881753213,6401.43684421256,0.02694235588972431,0.17105263157894737,0.011429706741130323,Lilydale Line
FY24-25,19906,Burnley,-37.82756022,145.0075551,881250,2950,3100,2400,1450,900,50,700,500,1650,150,160.3408436061755,5179.31838084539,0.04476384049554781,0.17105263157894737,0.05594769134277121,Alamein Line
FY24-25,19906,Burnley,-37.82756022,145.0075551,881250,2950,3100,2400,1450,900,50,700,500,1650,150,160.3408436061755,5179.31838084539,0.04476384049554781,0.17105263157894737,0.05594769134277121,Belgrave Line
FY24-25,19906,Burnley,-37.82756022,145.0075551,881250,2950,3100,2400,1450,900,50,700,500,1650,150,160.3408436061755,5179.31838084539,0.04476384049554781,0.17105263157894737,0.05594769134277121,Glen Waverly Line
FY24-25,19906,Burnley,-37.82756022,145.0075551,881250,2950,3100,2400,1450,900,50,700,500,1650,150,160.3408436061755,5179.31838084539,0.04476384049554781,0.17105263157894737,0.05594769134277121,Lilydale Line
FY24-25,19907,East Richmond,-37.82639995,144.9970657,575900,2050,2200,1600,600,300,50,300,300,1450,150,44.8288691117122,1715.3576976532288,0.029209201866454756,0.06578947368421052,0.015533612727716703,Alamein Line
FY24-25,19907,East Richmond,-37.82639995,144.9970657,575900,2050,2200,1600,600,300,50,300,300,1450,150,44.8288691117122,1715.3576976532288,0.029209201866454756,0.06578947368421052,0.015533612727716703,Belgrave Line
FY24-25,19907,East Richmond,-37.82639995,144.9970657,575900,2050,2200,1600,600,300,50,300,300,1450,150,44.8288691117122,1715.3576976532288,0.029209201866454756,0.06578947368421052,0.015533612727716703,Glen Waverly Line
FY24-25,19907,East Richmond,-37.82639995,144.9970657,575900,2050,2200,1600,600,300,50,300,300,1450,150,44.8288691117122,1715.3576976532288,0.029209201866454756,0.06578947368421052,0.015533612727716703,Lilydale Line
FY24-25,19908,Richmond,-37.82407446,144.9901643,3712750,9850,9600,10700,13000,8850,150,900,1350,4400,2800,74.43096891869807,10585.741221048656,0.18900146708234,0.2236842105263158,0.02589047481068248,Pakenham Line
FY24-25,19908,Richmond,-37.82407446,144.9901643,3712750,9850,9600,10700,13000,8850,150,900,1350,4400,2800,74.43096891869807,10585.741221048656,0.18900146708234,0.2236842105263158,0.02589047481068248,Frankston Line
FY24-25,19908,Richmond,-37.82407446,144.9901643,3712750,9850,9600,10700,13000,8850,150,900,1350,4400,2800,74.43096891869807,10585.741221048656,0.18900146708234,0.2236842105263158,0.02589047481068248,Sandringham Line
FY24-25,19908,Richmond,-37.82407446,144.9901643,3712750,9850,9600,10700,13000,8850,150,900,1350,4400,2800,74.43096891869807,10585.741221048656,0.18900146708234,0.2236842105263158,0.02589047481068248,Alamein Line
FY24-25,19908,Richmond,-37.82407446,144.9901643,3712750,9850,9600,10700,13000,8850,150,900,1350,4400,2800,74.43096891869807,10585.741221048656,0.18900146708234,0.2236842105263158,0.02589047481068248,Belgrave Line
FY24-25,19908,Richmond,-37.82407446,144.9901643,3712750,9850,9600,10700,13000,8850,150,900,1350,4400,2800,74.43096891869807,10585.741221048656,0.18900146708234,0.2236842105263158,0.02589047481068248,Glen Waverly Line
FY24-25,19908,Richmond,-37.82407446,144.9901643,3712750,9850,9600,10700,13000,8850,150,900,1350,4400,2800,74.43096891869807,10585.741221048656,0.18900146708234,0.2236842105263158,0.02589047481068248,Lilydale Line
FY24-25,19909,Heyington,-37.83467244,145.0226353,189500,650,800,250,200,100,50,150,150,450,50,109.14981758381099,4747.646152989331,0.00952584713817063,0.02631578947368421,0.03803752956857088,Glen Waverly Line
FY24-25,19910,Kooyong,-37.83992894,145.0335516,233000,750,800,500,450,350,50,250,200,300,50,89.77657320380399,6577.392433841046,0.011741752755873424,0.05263157894736842,0.03125942864155578,Glen Waverly Line
FY24-25,19911,Tooronga,-37.84936553,145.0417337,453150,1500,1550,1100,800,550,50,650,250,550,50,96.95882843143278,3325.645964559621,0.022956272795810664,0.15789473684210525,0.0337722783151339,Glen Waverly Line
FY24-25,19912,Gardiner,-37.85327908,145.0516547,399400,1200,1250,1000,1050,750,50,650,250,250,50,103.59746782781566,3326.31994301522,0.020218228498074454,0.15789473684210525,0.03609493356915932,Glen Waverly Line
FY24-25,19913,Springvale,-37.94950878,145.1534518,1429400,4300,4500,3750,3300,2650,300,1200,1300,1350,350,1.2822224568938023,3333.1037631262348,0.07268679829655439,0.3026315789473684,2.97983616258774e-4,Cranbourne Line
FY24-25,19913,Springvale,-37.94950878,145.1534518,1429400,4300,4500,3750,3300,2650,300,1200,1300,1350,350,1.2822224568938023,3333.1037631262348,0.07268679829655439,0.3026315789473684,2.97983616258774e-4,Pakenham Line
FY24-25,19913,Springvale,-37.94950878,145.1534518,1429400,4300,4500,3750,3300,2650,300,1200,1300,1350,350,1.2822224568938023,3333.1037631262348,0.07268679829655439,0.3026315789473684,2.97983616258774e-4,Sunbury Line
FY24-25,19914,Westall,-37.93849121,145.1388326,634250,1950,1950,1900,1450,1050,150,750,450,500,100,18.510658251872822,2794.6999988456737,0.03218157181571816,0.18421052631578946,0.006325682144311159,Cranbourne Line
FY24-25,19914,Westall,-37.93849121,145.1388326,634250,1950,1950,1900,1450,1050,150,750,450,500,100,18.510658251872822,2794.6999988456737,0.03218157181571816,0.18421052631578946,0.006325682144311159,Pakenham Line
FY24-25,19914,Westall,-37.93849121,145.1388326,634250,1950,1950,1900,1450,1050,150,750,450,500,100,18.510658251872822,2794.6999988456737,0.03218157181571816,0.18421052631578946,0.006325682144311159,Sunbury Line
FY24-25,19915,Clayton,-37.92468255,145.1205344,1514000,4750,4950,4050,3050,2350,350,1350,1300,1500,450,6.638169360400201,2152.334716893474,0.07699635267029362,0.34210526315789475,0.002171864312729255,Cranbourne Line
FY24-25,19915,Clayton,-37.92468255,145.1205344,1514000,4750,4950,4050,3050,2350,350,1350,1300,1500,450,6.638169360400201,2152.334716893474,0.07699635267029362,0.34210526315789475,0.002171864312729255,Pakenham Line
FY24-25,19915,Clayton,-37.92468255,145.1205344,1514000,4750,4950,4050,3050,2350,350,1350,1300,1500,450,6.638169360400201,2152.334716893474,0.07699635267029362,0.34210526315789475,0.002171864312729255,Sunbury Line
FY24-25,19916,Huntingdale,-37.91101734,145.1023643,1590050,5650,6200,3650,1500,1050,200,1400,1500,2550,550,17.295374881220848,2199.5645135497557,0.08087036697434644,0.35526315789473684,0.005900491960383938,Cranbourne Line
FY24-25,19916,Huntingdale,-37.91101734,145.1023643,1590050,5650,6200,3650,1500,1050,200,1400,1500,2550,550,17.295374881220848,2199.5645135497557,0.08087036697434644,0.35526315789473684,0.005900491960383938,Pakenham Line
FY24-25,19916,Huntingdale,-37.91101734,145.1023643,1590050,5650,6200,3650,1500,1050,200,1400,1500,2550,550,17.295374881220848,2199.5645135497557,0.08087036697434644,0.35526315789473684,0.005900491960383938,Sunbury Line
FY24-25,19917,Oakleigh,-37.90037214,145.0883079,1624200,5150,5400,4350,3150,2250,250,1500,1300,1950,400,19.58699396528131,2100.213255711936,0.0826099802351407,0.3815789473684211,0.006702258826756894,Cranbourne Line
FY24-25,19917,Oakleigh,-37.90037214,145.0883079,1624200,5150,5400,4350,3150,2250,250,1500,1300,1950,400,19.58699396528131,2100.213255711936,0.0826099802351407,0.3815789473684211,0.006702258826756894,Pakenham Line
FY24-25,19917,Oakleigh,-37.90037214,145.0883079,1624200,5150,5400,4350,3150,2250,250,1500,1300,1950,400,19.58699396528131,2100.213255711936,0.0826099802351407,0.3815789473684211,0.006702258826756894,Sunbury Line
FY24-25,19918,Hughesdale,-37.89488129,145.0776351,555350,1800,1900,1400,1050,750,100,800,400,450,100,12.446913920065711,3381.1981711823337,0.02816237748843654,0.19736842105263158,0.004204164949234645,Cranbourne Line
FY24-25,19918,Hughesdale,-37.89488129,145.0776351,555350,1800,1900,1400,1050,750,100,800,400,450,100,12.446913920065711,3381.1981711823337,0.02816237748843654,0.19736842105263158,0.004204164949234645,Pakenham Line
FY24-25,19918,Hughesdale,-37.89488129,145.0776351,555350,1800,1900,1400,1050,750,100,800,400,450,100,12.446913920065711,3381.1981711823337,0.02816237748843654,0.19736842105263158,0.004204164949234645,Sunbury Line
FY24-25,19919,Murrumbeena,-37.89019832,145.0673749,712400,2350,2500,1900,1200,850,150,1300,500,400,100,18.453515707488187,3327.6307233587736,0.03616256087372904,0.32894736842105265,0.006305689729748671,Cranbourne Line
FY24-25,19919,Murrumbeena,-37.89019832,145.0673749,712400,2350,2500,1900,1200,850,150,1300,500,400,100,18.453515707488187,3327.6307233587736,0.03616256087372904,0.32894736842105265,0.006305689729748671,Pakenham Line
FY24-25,19919,Murrumbeena,-37.89019832,145.0673749,712400,2350,2500,1900,1200,850,150,1300,500,400,100,18.453515707488187,3327.6307233587736,0.03616256087372904,0.32894736842105265,0.006305689729748671,Sunbury Line
FY24-25,19920,Carnegie,-37.88624148,145.0585751,1015400,3250,3400,2650,2000,1450,150,1450,800,700,250,15.577904145764343,1750.005335137566,0.05159748965910712,0.3684210526315789,0.005299601900062776,Cranbourne Line
FY24-25,19920,Carnegie,-37.88624148,145.0585751,1015400,3250,3400,2650,2000,1450,150,1450,800,700,250,15.577904145764343,1750.005335137566,0.05159748965910712,0.3684210526315789,0.005299601900062776,Pakenham Line
FY24-25,19920,Carnegie,-37.88624148,145.0585751,1015400,3250,3400,2650,2000,1450,150,1450,800,700,250,15.577904145764343,1750.005335137566,0.05159748965910712,0.3684210526315789,0.005299601900062776,Sunbury Line
FY24-25,19921,Werribee,-37.89937805,144.661118,1049600,3550,3650,3050,1450,1100,600,1650,850,500,100,37.58059591326118,9987.372232318337,0.053339649937852764,0.42105263157894735,0.012997665401497006,Werribee Line
FY24-25,19922,Hoppers Crossing,-37.88327618,144.7009549,925850,3150,3300,2550,1250,900,500,1500,700,600,50,31.19711272739636,4335.683188991059,0.047035780508181024,0.3815789473684211,0.010764281439007602,Werribee Line
FY24-25,19923,Laverton,-37.86369404,144.7726167,892250,3000,3100,2650,1250,900,350,1600,650,450,50,52.39954048981243,4802.15362486419,0.045324184444851964,0.40789473684210525,0.01818235723738614,Werribee Line
FY24-25,19924,Aircraft,-37.86660595,144.7608094,248850,800,850,700,450,300,150,350,150,150,50,50.50362468058412,5274.125815620533,0.012549157446461682,0.07894736842105263,0.017519034747254605,Werribee Line
FY24-25,19925,Westona,-37.86516348,144.8134936,229400,750,800,550,400,250,100,300,150,250,50,251.06390752827542,0,0.011558367463373883,0.06578947368421052,0.08768889439633085,Werribee Line
FY24-25,19926,Altona,-37.8671476,144.8296447,263300,800,800,750,650,500,50,300,200,200,50,63.349844732986206,3094.2324830010702,0.013285245634411231,0.06578947368421052,0.022013531091691626,Werribee Line
FY24-25,19927,Seaholme,-37.86784231,144.8409577,93100,300,300,250,200,150,50,150,50,50,50,201.74513034090475,3535.278518717453,0.004615196527905129,0.02631578947368421,0.07043377476763563,Werribee Line
FY24-25,19928,Westgarth,-37.7806207,144.9992332,201950,650,650,550,450,300,50,300,150,150,50,22.810032721163747,8083.84385056477,0.010160054608064878,0.06578947368421052,0.007829900720419128,Hurstbridge Line
FY24-25,19929,Dennis,-37.77918729,145.0082416,260800,850,900,700,450,300,50,550,150,150,50,18.555282375863104,4951.68966295767,0.013157894736842105,0.13157894736842105,0.006341294749523423,Hurstbridge Line
FY24-25,19930,Fairfield,-37.77917126,145.0169053,437700,1350,1400,1200,900,650,50,700,300,300,50,28.03339488885023,2677.9020739278662,0.022169244248833465,0.17105263157894737,0.00965739410544391,Hurstbridge Line
FY24-25,19931,Alphington,-37.77839363,145.0312549,249100,800,850,650,450,300,50,450,150,200,50,37.17704678761708,5396.065670839853,0.012561892536218595,0.10526315789473684,0.012856476003945854,Hurstbridge Line
FY24-25,19932,Darebin,-37.77496341,145.038476,112450,350,400,250,200,150,50,200,100,100,50,303.26814524338806,3634.512230163589,0.005600892475090165,0.039473684210526314,0.10595354770427583,Hurstbridge Line
FY24-25,19933,Ivanhoe,-37.76889674,145.0454252,617600,2000,2150,1550,1150,750,200,1000,350,500,50,74.48816956184878,1372.480888502117,0.031333414837907775,0.25,0.02591048755221202,Hurstbridge Line
FY24-25,19934,Eaglemont,-37.76358553,145.0539427,126500,400,450,300,250,150,50,250,100,50,50,82.86317132054928,0,0.006316604519428653,0.05263157894736842,0.028840642464364137,Hurstbridge Line
FY24-25,19935,Heidelberg,-37.75707293,145.0606855,822300,2700,3000,1650,1350,950,200,1200,600,900,100,7.64827951025594,0,0.04176090633086782,0.3026315789473684,0.002525270712237135,Hurstbridge Line
FY24-25,19936,Rosanna,-37.7428786,145.0661403,432900,1400,1350,1550,750,500,150,750,250,150,50,24.23728435412015,2875.0482790690644,0.021924730525500744,0.18421052631578946,0.008329252064296725,Hurstbridge Line
FY24-25,19937,Moorabbin,-37.93435329,145.0367383,520000,1650,1700,1350,1100,750,100,600,450,500,100,310.23322041673333,534.6712271191427,0.026361635796809096,0.14473684210526316,0.10839041277257083,Frankston Line
FY24-25,19938,Patterson,-37.92514919,145.03547,287550,900,1000,700,550,400,50,500,200,200,50,356.9556596970666,1083.1923834576742,0.014520549340831754,0.11842105263157894,0.12473715381328437,Frankston Line
FY24-25,19939,Bentleigh,-37.91742457,145.0369951,586000,1750,1800,1650,1450,1100,100,700,500,450,100,33.18143589258685,1245.2978689836318,0.029723699492634023,0.17105263157894737,0.011458534937371324,Frankston Line
FY24-25,19940,McKinnon,-37.91030903,145.038299,369950,1150,1200,1000,800,600,50,600,250,200,50,45.10831222512433,2540.8848212377216,0.01871803492471015,0.14473684210526316,0.015631381257804593,Frankston Line
FY24-25,19941,Ormond,-37.90321167,145.0396134,539450,1650,1700,1450,1250,900,100,800,400,350,50,18.41505704570051,3412.9847527958086,0.027352425779896897,0.19736842105263158,0.0062922342296784905,Frankston Line
FY24-25,19942,Glenhuntly,-37.88971946,145.0422229,641550,1950,2000,1750,1450,1100,100,850,500,450,100,18.53616651784256,1925.5203378163278,0.03255343643662,0.21052631578947367,0.006334606700148304,Unknown
FY24-25,19943,Caulfield,-37.87745946,145.0425248,3205100,9600,9950,8250,8250,5600,250,2350,2500,3600,1200,45.890106750637166,1161.8389536031784,0.16314159382195326,0.6052631578947368,0.015904907059377738,Cranbourne Line
FY24-25,19943,Caulfield,-37.87745946,145.0425248,3205100,9600,9950,8250,8250,5600,250,2350,2500,3600,1200,45.890106750637166,1161.8389536031784,0.16314159382195326,0.6052631578947368,0.015904907059377738,Pakenham Line
FY24-25,19943,Caulfield,-37.87745946,145.0425248,3205100,9600,9950,8250,8250,5600,250,2350,2500,3600,1200,45.890106750637166,1161.8389536031784,0.16314159382195326,0.6052631578947368,0.015904907059377738,Sunbury Line
FY24-25,19943,Caulfield,-37.87745946,145.0425248,3205100,9600,9950,8250,8250,5600,250,2350,2500,3600,1200,45.890106750637166,1161.8389536031784,0.16314159382195326,0.6052631578947368,0.015904907059377738,Frankston Line
FY24-25,19944,Malvern,-37.8662533,145.0292939,703650,2200,2300,1900,1500,1100,50,650,600,800,150,82.0935095628278,858.359309009881,0.035716832732237094,0.15789473684210525,0.028571361544185183,Cranbourne Line
FY24-25,19944,Malvern,-37.8662533,145.0292939,703650,2200,2300,1900,1500,1100,50,650,600,800,150,82.0935095628278,858.359309009881,0.035716832732237094,0.15789473684210525,0.028571361544185183,Pakenham Line
FY24-25,19944,Malvern,-37.8662533,145.0292939,703650,2200,2300,1900,1500,1100,50,650,600,800,150,82.0935095628278,858.359309009881,0.035716832732237094,0.15789473684210525,0.028571361544185183,Sunbury Line
FY24-25,19944,Malvern,-37.8662533,145.0292939,703650,2200,2300,1900,1500,1100,50,650,600,800,150,82.0935095628278,858.359309009881,0.035716832732237094,0.15789473684210525,0.028571361544185183,Frankston Line
FY24-25,19945,Armadale,-37.85645238,145.0193255,469600,1500,1550,1250,950,650,50,650,350,500,50,323.27355473120303,32.391005100064376,0.023794241701815516,0.15789473684210525,0.11295282371271827,Frankston Line
FY24-25,19946,Toorak,-37.85077381,145.0139086,417900,1350,1450,1050,750,550,50,600,300,450,50,582.5726317043335,200.44615240437162,0.021160625140085987,0.14473684210526316,0.20367357649584603,Frankston Line
FY24-25,19947,Hawksburn,-37.84459087,145.0021421,447000,1400,1450,1250,950,700,50,650,300,350,50,174.09697767140528,351.95443885712405,0.022642989587790614,0.15789473684210525,0.06076053854743979,Frankston Line
FY24-25,19948,Sandringham,-37.95033018,145.0045614,710850,2100,2150,2000,1900,1250,150,950,450,450,100,153.38205961922097,1813.2816926007215,0.03608360331723618,0.23684210526315788,0.05351302736663562,Sandringham Line
FY24-25,19949,Hampton,-37.93797681,145.0014706,482700,1500,1550,1350,1100,700,100,750,350,300,100,220.4393772503037,1518.4747927075543,0.024461560405077735,0.18421052631578946,0.07697431541333208,Sandringham Line
FY24-25,19950,Brighton Beach,-37.92648432,144.9891536,332650,1000,1000,950,850,650,50,450,250,200,50,106.7357335165009,1710.9501470976936,0.01681795953297879,0.10526315789473684,0.03719291598018228,Sandringham Line
FY24-25,19951,Middle Brighton,-37.91513441,144.9962991,512250,1550,1550,1450,1250,850,50,550,400,450,100,34.74683601798888,0,0.025966848014344804,0.13157894736842105,0.012006220179606071,Sandringham Line
FY24-25,19952,North Brighton,-37.90488721,145.002605,502000,1600,1650,1400,1050,700,50,750,350,400,100,70.30506662763221,1519.7586472949572,0.025444709334311387,0.18421052631578946,0.024446948801548584,Sandringham Line
FY24-25,19953,Gardenvale,-37.89669508,145.0041684,380050,1200,1250,1000,800,500,50,600,250,350,50,27.129786934876815,1526.2486215300335,0.019232532550889418,0.14473684210526316,0.009341249540788231,Sandringham Line
FY24-25,19954,Elsternwick,-37.88475311,145.0008979,763550,2400,2500,2150,1600,1100,100,1150,500,600,150,63.88272866992609,1554.255451040336,0.03876816023799336,0.2894736842105263,0.022199970752293397,Sandringham Line
FY24-25,19955,Ripponlea,-37.87590643,144.9952366,465900,1500,1550,1300,900,650,50,800,300,300,50,29.58521719191241,267.89783040104817,0.02360576237341321,0.19736842105263158,0.010200328886249306,Sandringham Line
FY24-25,19956,Balaclava,-37.86948773,144.9935121,752350,2400,2450,2200,1500,1100,100,1100,500,600,150,66.04973252454634,299.1462759474708,0.038197628216883675,0.27631578947368424,0.02295813859180121,Sandringham Line
FY24-25,19957,Windsor,-37.85605308,144.9920352,586800,1900,1950,1550,1150,750,100,750,350,650,200,47.44643441212385,1655.6876114377528,0.029764451779856146,0.18421052631578946,0.01644941812619464,Sandringham Line
FY24-25,19958,Prahran,-37.84951848,144.9898599,879500,2800,2900,2450,1700,1150,100,800,600,1200,250,85.45378355287018,592.1687772666131,0.044674694867249426,0.19736842105263158,0.029747017815286363,Sandringham Line
FY24-25,19959,South Yarra,-37.83844935,144.9923422,3199050,10350,10950,8150,5900,4100,300,2600,2500,4600,950,69.15148847650626,3539.0143745665864,0.16283340464983598,0.6710526315789473,0.024043347371547504,Pakenham Line
FY24-25,19959,South Yarra,-37.83844935,144.9923422,3199050,10350,10950,8150,5900,4100,300,2600,2500,4600,950,69.15148847650626,3539.0143745665864,0.16283340464983598,0.6710526315789473,0.024043347371547504,Frankston Line
FY24-25,19959,South Yarra,-37.83844935,144.9923422,3199050,10350,10950,8150,5900,4100,300,2600,2500,4600,950,69.15148847650626,3539.0143745665864,0.16283340464983598,0.6710526315789473,0.024043347371547504,Sandringham Line
FY24-25,19960,Upfield,-37.66607779,144.9467399,264250,850,850,750,500,400,50,250,250,300,50,500.34955166336476,213.0467057537977,0.0133336389754875,0.05263157894736842,0.17490625574584961,Upfield Line
FY24-25,19961,Gowrie,-37.700678,144.9588743,232350,700,750,650,500,350,50,300,200,150,50,394.84895059850004,2073.346975564349,0.011708641522505451,0.06578947368421052,0.13799484804088208,Upfield Line
FY24-25,19962,Fawkner,-37.71462129,144.960545,146600,450,500,400,300,200,50,250,100,100,50,16.33964767063392,3381.380452984839,0.007340505735884426,0.05263157894736842,0.005566112474687776,Upfield Line
FY24-25,19963,Merlynston,-37.72093389,144.9613135,284100,900,950,800,600,400,100,500,200,150,50,12.065050532232908,3809.19957913378,0.01434480510218636,0.11842105263157894,0.004070562722767417,Upfield Line
FY24-25,19964,Batman,-37.73352285,144.9628406,228750,700,750,650,500,350,50,350,150,150,50,11.047860703606391,7696.015980429861,0.01152525623000591,0.07894736842105263,0.0037146793619257552,Upfield Line
FY24-25,19965,Coburg,-37.74234502,144.9633363,511300,1550,1600,1400,1150,850,100,650,400,350,50,12.890164339341862,5215.452023593629,0.02591845467326854,0.15789473684210525,0.004359244605427699,Upfield Line
FY24-25,19966,Moreland,-37.75448484,144.961823,273050,850,900,750,600,450,50,400,200,200,50,20.019822195980506,2511.4047803637745,0.013781914134930823,0.09210526315789473,0.0068536920804853265,Upfield Line
FY24-25,19967,Anstey,-37.76124203,144.960684,365100,1100,1150,1000,850,600,100,550,250,200,50,10.014471002710915,2708.847848153252,0.018470974183426046,0.13157894736842105,0.0033531281652229472,Upfield Line
FY24-25,19968,Brunswick,-37.76772055,144.9595865,350600,1050,1100,900,850,600,50,300,300,400,100,17.70971331892419,3887.3584123418727,0.017732338977525113,0.06578947368421052,0.006045456205587663,Upfield Line
FY24-25,19969,Jewell,-37.77498702,144.9587169,395350,1200,1250,1050,950,700,50,350,300,400,100,18.471927170760175,6987.380648116663,0.02001192004401247,0.07894736842105263,0.006312131333117922,Upfield Line
FY24-25,19970,Royal Park,-37.78119293,144.9523013,291800,900,850,1050,650,500,50,150,300,400,50,26.867061502022583,7672.322943707353,0.014737045866699269,0.02631578947368421,0.009249330011717639,Upfield Line
FY24-25,19971,Flemington Bridge,-37.78813995,144.9393233,273600,850,900,700,550,400,50,250,250,300,50,19.140837562433514,5797.592439574813,0.01380993133239603,0.05263157894736842,0.006546162456504259,Upfield Line
FY24-25,19972,Macaulay,-37.79426673,144.9361663,303550,950,1000,800,600,550,50,200,350,350,50,12.394287535909323,2723.752319514405,0.015335595085274161,0.039473684210526314,0.004185752599901768,Upfield Line
FY24-25,19973,North Melbourne,-37.80630984,144.9415102,1394050,3950,3900,4150,4100,3050,150,600,800,1850,450,24.382379028550666,5355.077439376714,0.07088605660492694,0.14473684210526316,0.008380016217578008,Craigieburn Line
FY24-25,19973,North Melbourne,-37.80630984,144.9415102,1394050,3950,3900,4150,4100,3050,150,600,800,1850,450,24.382379028550666,5355.077439376714,0.07088605660492694,0.14473684210526316,0.008380016217578008,Upfield Line
FY24-25,19973,North Melbourne,-37.80630984,144.9415102,1394050,3950,3900,4150,4100,3050,150,600,800,1850,450,24.382379028550666,5355.077439376714,0.07088605660492694,0.14473684210526316,0.008380016217578008,Flemington Line
FY24-25,19973,North Melbourne,-37.80630984,144.9415102,1394050,3950,3900,4150,4100,3050,150,600,800,1850,450,24.382379028550666,5355.077439376714,0.07088605660492694,0.14473684210526316,0.008380016217578008,Werribee Line
FY24-25,19973,North Melbourne,-37.80630984,144.9415102,1394050,3950,3900,4150,4100,3050,150,600,800,1850,450,24.382379028550666,5355.077439376714,0.07088605660492694,0.14473684210526316,0.008380016217578008,Williamstown Line
FY24-25,19974,Clifton Hill,-37.78865745,144.9954167,719300,2100,2150,1950,1950,1400,100,800,500,600,150,37.444573994230836,7048.1148179074025,0.036514049351019824,0.19736842105263158,0.012950075525615121,Mernda Line
FY24-25,19974,Clifton Hill,-37.78865745,144.9954167,719300,2100,2150,1950,1950,1400,100,800,500,600,150,37.444573994230836,7048.1148179074025,0.036514049351019824,0.19736842105263158,0.012950075525615121,Hurstbridge Line
FY24-25,19975,Victoria Park,-37.79915782,144.9944514,659700,2100,2200,1800,1300,950,50,600,400,950,200,55.884478457497686,4894.524205574672,0.03347800395297186,0.14473684210526316,0.01940162959084566,Mernda Line
FY24-25,19975,Victoria Park,-37.79915782,144.9944514,659700,2100,2200,1800,1300,950,50,600,400,950,200,55.884478457497686,4894.524205574672,0.03347800395297186,0.14473684210526316,0.01940162959084566,Hurstbridge Line
FY24-25,19976,Collingwood,-37.80452593,144.9937497,487500,1600,1650,1350,850,550,50,300,300,950,150,67.13250973880254,5106.441177973502,0.024706074128410457,0.06578947368421052,0.023336968956800618,Mernda Line
FY24-25,19976,Collingwood,-37.80452593,144.9937497,487500,1600,1650,1350,850,550,50,300,300,950,150,67.13250973880254,5106.441177973502,0.024706074128410457,0.06578947368421052,0.023336968956800618,Hurstbridge Line
FY24-25,19977,North Richmond,-37.81039836,144.9925003,608300,1950,2000,1650,1150,850,50,350,450,1000,150,73.22838296085071,4493.3685529430695,0.03085966949895063,0.07894736842105263,0.025469727060031457,Mernda Line
FY24-25,19977,North Richmond,-37.81039836,144.9925003,608300,1950,2000,1650,1150,850,50,350,450,1000,150,73.22838296085071,4493.3685529430695,0.03085966949895063,0.07894736842105263,0.025469727060031457,Hurstbridge Line
FY24-25,19978,West Richmond,-37.81494896,144.9914228,407750,1350,1400,1150,750,500,50,300,300,650,150,24.387344101871705,7097.775785457134,0.020643580495955334,0.06578947368421052,0.008381753343658696,Mernda Line
FY24-25,19978,West Richmond,-37.81494896,144.9914228,407750,1350,1400,1150,750,500,50,300,300,650,150,24.387344101871705,7097.775785457134,0.020643580495955334,0.06578947368421052,0.008381753343658696,Hurstbridge Line
FY24-25,19979,Jolimont,-37.81652702,144.9840983,1060400,2500,2350,2950,4400,3200,50,150,350,1100,750,29.121536288829056,10333.762581368183,0.05388980581535139,0.02631578947368421,0.010038101233648594,Mernda Line
FY24-25,19979,Jolimont,-37.81652702,144.9840983,1060400,2500,2350,2950,4400,3200,50,150,350,1100,750,29.121536288829056,10333.762581368183,0.05388980581535139,0.02631578947368421,0.010038101233648594,Hurstbridge Line
FY24-25,19983,Macleod,-37.7260123,145.0691433,314850,1000,1000,1100,550,400,100,500,200,200,50,26.46066694410689,2019.3157756295204,0.01591122114228661,0.11842105263157894,0.009107145085139986,Hurstbridge Line
FY24-25,19984,Watsonia,-37.71095798,145.0837934,315600,1050,1000,1100,550,350,100,600,150,150,50,94.93669255116389,2060.6571780103873,0.01594942641155735,0.14473684210526316,0.03306479531353889,Hurstbridge Line
FY24-25,19985,Greensborough,-37.70395408,145.1082474,378250,1200,1150,1350,800,550,150,500,250,200,50,35.17868091657879,3285.294909442278,0.019140839904639648,0.11842105263157894,0.012157309395745816,Hurstbridge Line
FY24-25,19986,Montmorency,-37.71529624,145.1215157,175700,550,550,600,350,200,50,300,100,50,50,84.04789937973516,1261.3824849905577,0.008822870183589054,0.06578947368421052,0.0292551422868366,Hurstbridge Line
FY24-25,19987,Eltham,-37.71354967,145.147822,344100,1100,1100,1150,650,450,150,500,200,250,50,135.05566799178243,2698.7299765506773,0.017401226643845386,0.11842105263157894,0.04710118794303475,Hurstbridge Line
FY24-25,19988,Diamond Creek,-37.67329744,145.1585062,114700,350,400,350,200,150,50,200,50,50,50,194.39126987907986,3390.7137852534124,0.005715508282902378,0.039473684210526314,0.06786088571324086,Hurstbridge Line
FY24-25,19989,Wattle Glen,-37.66396792,145.1816145,27200,100,100,100,50,50,50,50,50,50,50,16.37162534807915,2319.8419511102024,0.0012582268679829655,0,0.005577300478146762,Hurstbridge Line
FY24-25,19990,Hurstbridge,-37.63939817,145.1920169,75700,250,250,200,150,150,50,100,50,50,50,38.08988331633474,1213.8377933281581,0.003728834280824011,0.013157894736842105,0.013175849362385481,Hurstbridge Line
FY24-25,19991,Williamstown,-37.86775292,144.9053233,149500,450,450,450,400,300,50,150,150,100,50,302.9140959722734,3257.09833522548,0.007488232777064612,0.02631578947368421,0.1058296767797327,Williamstown Line
FY24-25,19992,Williamstown Beach,-37.86398189,144.8944837,166350,500,500,450,350,300,50,200,150,150,50,399.53113612905526,1566.315272100821,0.008346577826680522,0.039473684210526314,0.13963300040517396,Williamstown Line
FY24-25,19993,North Williamstown,-37.85733348,144.8890695,271600,900,900,750,500,350,50,450,200,150,50,28.85930198744959,1596.3729194853015,0.01370805061434073,0.10526315789473684,0.009946353536339329,Williamstown Line
FY24-25,19994,Newport,-37.84271757,144.8835999,1245950,3950,4050,3450,2650,1800,250,2100,800,750,150,55.958038177921416,1114.2538567955585,0.06334178943293192,0.5394736842105263,0.01942736586915894,Williamstown Line
FY24-25,19994,Newport,-37.84271757,144.8835999,1245950,3950,4050,3450,2650,1800,250,2100,800,750,150,55.958038177921416,1114.2538567955585,0.06334178943293192,0.5394736842105263,0.01942736586915894,Werribee Line
FY24-25,19995,Spotswood,-37.83063888,144.8859335,354600,1050,1100,1000,850,600,50,450,250,250,50,162.08417590637276,496.3702958319487,0.017936100413635716,0.10526315789473684,0.056557629567277216,Williamstown Line
FY24-25,19995,Spotswood,-37.83063888,144.8859335,354600,1050,1100,1000,850,600,50,450,250,250,50,162.08417590637276,496.3702958319487,0.017936100413635716,0.10526315789473684,0.056557629567277216,Werribee Line
FY24-25,19996,Yarraville,-37.81585044,144.8899337,820600,2600,2650,2300,1700,1250,150,1300,550,500,150,11.87746004969914,3049.224056154851,0.04167430772052082,0.32894736842105265,0.004004930596386276,Williamstown Line
FY24-25,19996,Yarraville,-37.81585044,144.8899337,820600,2600,2650,2300,1700,1250,150,1300,550,500,150,11.87746004969914,3049.224056154851,0.04167430772052082,0.32894736842105265,0.004004930596386276,Werribee Line
FY24-25,19997,Seddon,-37.80900514,144.89567159999999,416600,1300,1350,1150,850,600,100,750,300,250,50,56.207854888255255,3872.6283361819983,0.02109440267335004,0.18421052631578946,0.01951476903419851,Williamstown Line
FY24-25,19997,Seddon,-37.80900514,144.89567159999999,416600,1300,1350,1150,850,600,100,750,300,250,50,56.207854888255255,3872.6283361819983,0.02109440267335004,0.18421052631578946,0.01951476903419851,Werribee Line
FY24-25,20000,Watergardens,-37.70112872,144.7741805,1295450,4350,4650,3350,1900,1350,650,2350,950,550,100,34.50404333739428,9594.936034183864,0.06586333720480061,0.6052631578947368,0.011921274506019819,Cranbourne Line
FY24-25,20000,Watergardens,-37.70112872,144.7741805,1295450,4350,4650,3350,1900,1350,650,2350,950,550,100,34.50404333739428,9594.936034183864,0.06586333720480061,0.6052631578947368,0.011921274506019819,Pakenham Line
FY24-25,20000,Watergardens,-37.70112872,144.7741805,1295450,4350,4650,3350,1900,1350,650,2350,950,550,100,34.50404333739428,9594.936034183864,0.06586333720480061,0.6052631578947368,0.011921274506019819,Sunbury Line
FY24-25,20001,Keilor Plains,-37.72927934,144.7937381,599750,2000,2150,1550,850,650,300,1150,400,200,50,11.01279923654305,1453.1423399056664,0.03042412942926422,0.2894736842105263,0.00370241243555333,Cranbourne Line
FY24-25,20001,Keilor Plains,-37.72927934,144.7937381,599750,2000,2150,1550,850,650,300,1150,400,200,50,11.01279923654305,1453.1423399056664,0.03042412942926422,0.2894736842105263,0.00370241243555333,Pakenham Line
FY24-25,20001,Keilor Plains,-37.72927934,144.7937381,599750,2000,2150,1550,850,650,300,1150,400,200,50,11.01279923654305,1453.1423399056664,0.03042412942926422,0.2894736842105263,0.00370241243555333,Sunbury Line
FY24-25,20002,St Albans,-37.74486131,144.8000505,962650,3200,3350,2600,1450,1100,250,1250,1100,650,100,31.33941434549238,1905.4232792406667,0.048910385720398554,0.3157894736842105,0.01081406838798801,Cranbourne Line
FY24-25,20002,St Albans,-37.74486131,144.8000505,962650,3200,3350,2600,1450,1100,250,1250,1100,650,100,31.33941434549238,1905.4232792406667,0.048910385720398554,0.3157894736842105,0.01081406838798801,Pakenham Line
FY24-25,20002,St Albans,-37.74486131,144.8000505,962650,3200,3350,2600,1450,1100,250,1250,1100,650,100,31.33941434549238,1905.4232792406667,0.048910385720398554,0.3157894736842105,0.01081406838798801,Sunbury Line
FY24-25,20003,Ginifer,-37.75751083,144.8095734,624500,2100,2200,1650,900,700,200,900,500,500,50,3.2458591288283842,2926.5204115961683,0.03168490331519856,0.2236842105263158,9.849995484015664e-4,Cranbourne Line
FY24-25,20003,Ginifer,-37.75751083,144.8095734,624500,2100,2200,1650,900,700,200,900,500,500,50,3.2458591288283842,2926.5204115961683,0.03168490331519856,0.2236842105263158,9.849995484015664e-4,Pakenham Line
FY24-25,20003,Ginifer,-37.75751083,144.8095734,624500,2100,2200,1650,900,700,200,900,500,500,50,3.2458591288283842,2926.5204115961683,0.03168490331519856,0.2236842105263158,9.849995484015664e-4,Sunbury Line
FY24-25,20004,Albion,-37.77765281,144.8247036,413900,1400,1500,1050,550,400,150,750,350,250,50,299.6041411315992,2537.8700359840564,0.020956863703975384,0.18421052631578946,0.10467162562764458,Cranbourne Line
FY24-25,20004,Albion,-37.77765281,144.8247036,413900,1400,1500,1050,550,400,150,750,350,250,50,299.6041411315992,2537.8700359840564,0.020956863703975384,0.18421052631578946,0.10467162562764458,Pakenham Line
FY24-25,20004,Albion,-37.77765281,144.8247036,413900,1400,1500,1050,550,400,150,750,350,250,50,299.6041411315992,2537.8700359840564,0.020956863703975384,0.18421052631578946,0.10467162562764458,Sunbury Line
FY24-25,20005,Epping,-37.65238715,145.0301217,748150,2450,2600,1850,1300,950,300,900,650,650,100,2.9416781748994385,6386.100723489604,0.03798367870896754,0.2236842105263158,8.785760105901172e-4,Mernda Line
FY24-25,20006,Lalor,-37.66585075,145.0171932,494550,1600,1650,1350,850,650,250,800,350,200,50,70.94914498210892,1570.2141628990962,0.025065203659555394,0.19736842105263158,0.024672291960697198,Mernda Line
FY24-25,20007,Thomastown,-37.68033809,145.0142789,595700,1900,2000,1650,1150,800,300,800,450,350,50,51.2324486762521,3425.651151649172,0.030217820975202234,0.19736842105263158,0.01777402779352857,Mernda Line
FY24-25,20008,Keon Park,-37.69487012,145.0118838,293800,950,1000,750,550,400,100,350,200,300,50,23.193905908406496,1904.3206093727142,0.01483892658475457,0.07894736842105263,0.007964206113737321,Mernda Line
FY24-25,20009,Ruthven,-37.70789754,145.0095166,289350,900,950,800,600,400,100,500,200,100,50,33.74979578161504,3032.6739409016423,0.014612241987081526,0.11842105263157894,0.01165738653987709,Mernda Line
FY24-25,20010,Reservoir,-37.71688492,145.0069958,757800,2400,2450,2100,1550,1100,300,900,550,600,150,37.47685434329274,2419.53902143618,0.03847525317358437,0.2236842105263158,0.012961369424541349,Mernda Line
FY24-25,20011,Regent,-37.72840277,145.0027726,382700,1250,1300,1050,750,500,100,700,200,200,50,50.3883274990727,1793.5401885207377,0.019367524502312692,0.17105263157894737,0.0174786958180822,Mernda Line
FY24-25,20012,Preston,-37.73867424,145.000522,581250,1800,1900,1500,1300,900,100,650,500,550,100,30.029947264206683,2986.105259099634,0.029481732787252683,0.15789473684210525,0.01035592622741536,Mernda Line
FY24-25,20013,Bell,-37.74556212,145.000155,412250,1300,1350,1100,850,600,100,550,300,350,50,2.169941470441404,3723.963423494898,0.020872812111579764,0.13157894736842105,6.085691305191248e-4,Mernda Line
FY24-25,20014,Thornbury,-37.75505179,144.9985715,376150,1200,1250,1050,750,500,50,650,200,250,50,49.96984281690827,2728.469953449531,0.019033865150681582,0.15789473684210525,0.017332280929771206,Mernda Line
FY24-25,20015,Croxton,-37.764101,144.9970562,244250,750,800,650,550,350,50,450,150,150,50,41.44933964924351,2746.8047558308044,0.012314831794934492,0.10526315789473684,0.014351219560464168,Mernda Line
FY24-25,20016,Northcote,-37.76986537,144.9952772,293050,950,1000,750,600,400,50,350,200,300,50,31.30115102506641,3014.193536264287,0.014800721315483831,0.07894736842105263,0.010800681231837871,Mernda Line
FY24-25,20017,Merri,-37.77784668,144.9929725,147850,450,500,350,300,200,50,200,100,150,50,109.98597052124158,6173.213888774202,0.0074041811846689894,0.039473684210526314,0.03833007370259179,Mernda Line
FY24-25,20019,Rushall,-37.78321711,144.9924071,123150,400,400,300,250,200,50,150,100,100,50,13.769591142533054,8313.139953231857,0.006145954316686024,0.02631578947368421,0.0046669289309350815,Mernda Line
FY24-25,20021,Sunshine,-37.78853633,144.8328782,1577600,5100,5300,4400,2800,2050,350,1650,1300,1700,300,35.67853134640499,4361.3776488016465,0.08023615950445219,0.42105263157894735,0.012332191650639078,Cranbourne Line
FY24-25,20021,Sunshine,-37.78853633,144.8328782,1577600,5100,5300,4400,2800,2050,350,1650,1300,1700,300,35.67853134640499,4361.3776488016465,0.08023615950445219,0.42105263157894735,0.012332191650639078,Pakenham Line
FY24-25,20021,Sunshine,-37.78853633,144.8328782,1577600,5100,5300,4400,2800,2050,350,1650,1300,1700,300,35.67853134640499,4361.3776488016465,0.08023615950445219,0.42105263157894735,0.012332191650639078,Sunbury Line
FY24-25,20022,Tottenham,-37.7992509,144.8629449,394350,1350,1450,1050,450,350,100,700,300,300,50,159.04983886145982,3020.3681994029653,0.01996097968498482,0.17105263157894737,0.05549600858456636,Cranbourne Line
FY24-25,20022,Tottenham,-37.7992509,144.8629449,394350,1350,1450,1050,450,350,100,700,300,300,50,159.04983886145982,3020.3681994029653,0.01996097968498482,0.17105263157894737,0.05549600858456636,Pakenham Line
FY24-25,20022,Tottenham,-37.7992509,144.8629449,394350,1350,1450,1050,450,350,100,700,300,300,50,159.04983886145982,3020.3681994029653,0.01996097968498482,0.17105263157894737,0.05549600858456636,Sunbury Line
FY24-25,20023,West Footscray,-37.8018087,144.8853248,512550,1800,1950,1300,550,350,150,1100,300,350,50,3.836854728837871,2747.442587870969,0.0259821301220531,0.27631578947368424,0.001191770688315546,Cranbourne Line
FY24-25,20023,West Footscray,-37.8018087,144.8853248,512550,1800,1950,1300,550,350,150,1100,300,350,50,3.836854728837871,2747.442587870969,0.0259821301220531,0.27631578947368424,0.001191770688315546,Pakenham Line
FY24-25,20023,West Footscray,-37.8018087,144.8853248,512550,1800,1950,1300,550,350,150,1100,300,350,50,3.836854728837871,2747.442587870969,0.0259821301220531,0.27631578947368424,0.001191770688315546,Sunbury Line
FY24-25,20024,Middle Footscray,-37.8025047,144.8914721,190800,650,700,500,250,200,50,350,150,150,50,58.70799590680383,3109.2102729852118,0.009592069604906576,0.07894736842105263,0.020389491296669986,Cranbourne Line
FY24-25,20024,Middle Footscray,-37.8025047,144.8914721,190800,650,700,500,250,200,50,350,150,150,50,58.70799590680383,3109.2102729852118,0.009592069604906576,0.07894736842105263,0.020389491296669986,Pakenham Line
FY24-25,20024,Middle Footscray,-37.8025047,144.8914721,190800,650,700,500,250,200,50,350,150,150,50,58.70799590680383,3109.2102729852118,0.009592069604906576,0.07894736842105263,0.020389491296669986,Sunbury Line
FY24-25,20025,Footscray,-37.80108298,144.9031992,4383950,14000,14450,12350,8850,5800,800,3850,4050,4750,1000,38.93592063753091,7892.8778914717805,0.22319263606169895,1,0.013471851737548161,Cranbourne Line
FY24-25,20025,Footscray,-37.80108298,144.9031992,4383950,14000,14450,12350,8850,5800,800,3850,4050,4750,1000,38.93592063753091,7892.8778914717805,0.22319263606169895,1,0.013471851737548161,Pakenham Line
FY24-25,20025,Footscray,-37.80108298,144.9031992,4383950,14000,14450,12350,8850,5800,800,3850,4050,4750,1000,38.93592063753091,7892.8778914717805,0.22319263606169895,1,0.013471851737548161,Sunbury Line
FY24-25,20025,Footscray,-37.80108298,144.9031992,4383950,14000,14450,12350,8850,5800,800,3850,4050,4750,1000,38.93592063753091,7892.8778914717805,0.22319263606169895,1,0.013471851737548161,Werribee Line
FY24-25,20025,Footscray,-37.80108298,144.9031992,4383950,14000,14450,12350,8850,5800,800,3850,4050,4750,1000,38.93592063753091,7892.8778914717805,0.22319263606169895,1,0.013471851737548161,Williamstown Line
FY24-25,20026,South Kensington,-37.79953087,144.925469,324400,1050,1050,900,650,500,50,450,250,250,50,31.731746850334254,2536.6966455154557,0.01639770157100067,0.10526315789473684,0.010951333435731443,Williamstown Line
FY24-25,20026,South Kensington,-37.79953087,144.925469,324400,1050,1050,900,650,500,50,450,250,250,50,31.731746850334254,2536.6966455154557,0.01639770157100067,0.10526315789473684,0.010951333435731443,Werribee Line
FY24-25,20027,Flemington Racecourse,-37.78720192,144.9075887,145550,200,250,50,1450,50,50,50,50,50,200,393.3385774153138,4709.565289656962,0.007287018358905393,0,0.13746641502923546,Flemington Line
FY24-25,20028,Showgrounds,-37.7835,144.915,114900,200,50,900,600,400,50,50,50,50,50,348.4173076294689,82.07705351579972,0.005725696354707908,0,0.12174984766417646,Unknown
FY24-25,20030,Broadmeadows,-37.68304926,144.9196132,878300,2750,2900,2400,1700,1350,200,650,850,1000,150,54.838954242037104,1787.5374620473137,0.044613566436416244,0.15789473684210525,0.019035832901606375,Craigieburn Line
FY24-25,20031,Jacana,-37.69513079,144.9158505,213150,650,650,600,450,400,100,300,150,100,50,24.17327046984734,3258.828560676677,0.010730586629174562,0.06578947368421052,0.008306855579752343,Craigieburn Line
FY24-25,20032,Glenroy,-37.70453633,144.9172204,740900,2350,2400,2100,1450,1050,250,1000,600,450,100,37.02863461153044,1186.1009885507012,0.037614361106017076,0.25,0.012804551159114429,Craigieburn Line
FY24-25,20033,Oak Park,-37.71794973,144.9215188,418000,1350,1400,1200,750,550,150,750,300,200,50,16.72976575929812,3098.009732732692,0.02116571917598875,0.18421052631578946,0.005702602766481598,Craigieburn Line
FY24-25,20034,Pascoe Vale,-37.73075596,144.9281956,538950,1750,1800,1500,1050,700,150,950,350,300,50,83.45165646235014,6083.741562446838,0.027326955600383073,0.23684210526315788,0.02904653527234892,Craigieburn Line
FY24-25,20035,Strathmore,-37.74359132,144.9273157,303300,1000,1050,800,550,350,50,550,200,200,50,14.72964774711529,3844.9504942844155,0.015322859995517248,0.13157894736842105,0.005002823138113997,Craigieburn Line
FY24-25,20036,Glenbervie,-37.74720985,144.9209387,272200,900,900,750,500,350,100,500,150,100,50,127.33826334101231,3194.72249804931,0.01373861482975732,0.11842105263157894,0.04440110598507843,Craigieburn Line
FY24-25,20037,Essendon,-37.7560117,144.9161975,1347950,4350,4550,3600,2550,1800,350,2150,850,1050,150,133.0609908499937,463.39647339811347,0.06853770605375227,0.5526315789473685,0.046403311907474765,Craigieburn Line
FY24-25,20038,Moonee Ponds,-37.76570666,144.9191607,782550,2450,2500,2150,1700,1200,150,1050,550,650,150,14.607435818178086,122.17483095480539,0.039736027059518716,0.2631578947368421,0.004960064952000552,Craigieburn Line
FY24-25,20039,Ascot Vale,-37.77530609,144.9218207,491400,1600,1650,1350,900,650,100,900,300,250,50,167.8447782639356,696.8207906313808,0.024904741528618293,0.2236842105263158,0.058573086731501973,Craigieburn Line
FY24-25,20040,Newmarket,-37.78732767,144.9289785,600650,1900,2000,1600,1200,900,100,850,450,500,100,28.007943278337248,2049.1241906448995,0.030469975752389102,0.21052631578947367,0.009648489371604384,Craigieburn Line
FY24-25,20041,Kensington,-37.79378022,144.9305244,421500,1350,1400,1150,850,600,50,650,300,350,50,19.820139362640287,3141.16293134286,0.02134401043258553,0.15789473684210525,0.006783829213366946,Craigieburn Line
FY24-25,20042,Box Hill,-37.81922165,145.1214289,2648350,8350,8650,7100,5350,4100,450,2600,2400,2750,500,175.8887381210636,2204.6504353274345,0.13478054893330887,0.6710526315789473,0.06138742028839131,Belgrave Line
FY24-25,20042,Box Hill,-37.81922165,145.1214289,2648350,8350,8650,7100,5350,4100,450,2600,2400,2750,500,175.8887381210636,2204.6504353274345,0.13478054893330887,0.6710526315789473,0.06138742028839131,Lilydale Line
FY24-25,22180,Southern Cross,-37.81793643,144.9514112,14696050,47600,49250,41600,26500,19550,550,3100,9300,30800,5500,192.9158134215079,9198.611329048481,0.748494712390733,0.8026315789473685,0.06734466898739604,Mernda Line
FY24-25,22180,Southern Cross,-37.81793643,144.9514112,14696050,47600,49250,41600,26500,19550,550,3100,9300,30800,5500,192.9158134215079,9198.611329048481,0.748494712390733,0.8026315789473685,0.06734466898739604,Hurstbridge Line
FY24-25,22180,Southern Cross,-37.81793643,144.9514112,14696050,47600,49250,41600,26500,19550,550,3100,9300,30800,5500,192.9158134215079,9198.611329048481,0.748494712390733,0.8026315789473685,0.06734466898739604,Craigieburn Line
FY24-25,22180,Southern Cross,-37.81793643,144.9514112,14696050,47600,49250,41600,26500,19550,550,3100,9300,30800,5500,192.9158134215079,9198.611329048481,0.748494712390733,0.8026315789473685,0.06734466898739604,Upfield Line
FY24-25,22180,Southern Cross,-37.81793643,144.9514112,14696050,47600,49250,41600,26500,19550,550,3100,9300,30800,5500,192.9158134215079,9198.611329048481,0.748494712390733,0.8026315789473685,0.06734466898739604,Flemington Line
FY24-25,22180,Southern Cross,-37.81793643,144.9514112,14696050,47600,49250,41600,26500,19550,550,3100,9300,30800,5500,192.9158134215079,9198.611329048481,0.748494712390733,0.8026315789473685,0.06734466898739604,Frankston Line
FY24-25,22180,Southern Cross,-37.81793643,144.9514112,14696050,47600,49250,41600,26500,19550,550,3100,9300,30800,5500,192.9158134215079,9198.611329048481,0.748494712390733,0.8026315789473685,0.06734466898739604,Werribee Line
FY24-25,22180,Southern Cross,-37.81793643,144.9514112,14696050,47600,49250,41600,26500,19550,550,3100,9300,30800,5500,192.9158134215079,9198.611329048481,0.748494712390733,0.8026315789473685,0.06734466898739604,Williamstown Line
FY24-25,22180,Southern Cross,-37.81793643,144.9514112,14696050,47600,49250,41600,26500,19550,550,3100,9300,30800,5500,192.9158134215079,9198.611329048481,0.748494712390733,0.8026315789473685,0.06734466898739604,Alamein Line
FY24-25,22180,Southern Cross,-37.81793643,144.9514112,14696050,47600,49250,41600,26500,19550,550,3100,9300,30800,5500,192.9158134215079,9198.611329048481,0.748494712390733,0.8026315789473685,0.06734466898739604,Belgrave Line
FY24-25,22180,Southern Cross,-37.81793643,144.9514112,14696050,47600,49250,41600,26500,19550,550,3100,9300,30800,5500,192.9158134215079,9198.611329048481,0.748494712390733,0.8026315789473685,0.06734466898739604,Glen Waverly Line
FY24-25,22180,Southern Cross,-37.81793643,144.9514112,14696050,47600,49250,41600,26500,19550,550,3100,9300,30800,5500,192.9158134215079,9198.611329048481,0.748494712390733,0.8026315789473685,0.06734466898739604,Lilydale Line
FY24-25,40220,Roxburgh Park,-37.63823121,144.9354037,498650,1650,1700,1400,850,650,200,750,350,300,50,53.40796206663684,3996.9063656591497,0.02527405913156876,0.18421052631578946,0.01853517285724945,Craigieburn Line
FY24-25,40221,Craigieburn,-37.6018169,144.9433203,1508250,4800,5000,4150,2900,2150,800,2400,1100,550,150,27.94534384291,4692.061553370234,0.07670344560588463,0.618421052631579,0.009626587759103283,Craigieburn Line
FY24-25,44817,Coolaroo,-37.66100253,144.9260556,281400,950,1000,750,450,350,100,500,250,150,50,97.3321516961666,3533.5723360989214,0.014207266132811704,0.11842105263157894,0.033902892615822744,Craigieburn Line
FY24-25,45793,Lynbrook,-38.05734118,145.2492751,407450,1400,1500,1050,500,350,200,800,300,150,50,88.72539985628543,4774.9917127033805,0.020628298388247042,0.19736842105263158,0.030891655495173444,Cranbourne Line
FY24-25,45793,Lynbrook,-38.05734118,145.2492751,407450,1400,1500,1050,500,350,200,800,300,150,50,88.72539985628543,4774.9917127033805,0.020628298388247042,0.19736842105263158,0.030891655495173444,Sunbury Line
FY24-25,45794,Cardinia Road,-38.07129047,145.437791,405950,1350,1400,1100,650,450,300,650,300,150,50,18.59101480446504,15455.404529492444,0.020551887849705564,0.15789473684210525,0.006353796424652305,Pakenham Line
FY24-25,45794,Cardinia Road,-38.07129047,145.437791,405950,1350,1400,1100,650,450,300,650,300,150,50,18.59101480446504,15455.404529492444,0.020551887849705564,0.15789473684210525,0.006353796424652305,Sunbury Line
FY24-25,45795,South Morang,-37.6491588,145.0670324,569650,1800,1900,1550,1150,800,300,750,400,350,100,8.861185931218142,10632.619420697645,0.028890824622531938,0.18421052631578946,0.0029496292747498063,Mernda Line
FY24-25,46468,Williams Landing,-37.86986533,144.7474447,1389550,4800,5000,4100,1700,1150,600,2850,950,500,100,14.192892298861203,7566.546457680179,0.07065682498930252,0.7368421052631579,0.0048150289550629635,Werribee Line
FY24-25,49343,Union,-37.823477,145.1000368,593100,1900,2000,1600,1100,750,100,1200,350,300,50,30.683180426809393,1101.1612849812245,0.030085376041730342,0.3026315789473684,0.01058447237168244,Belgrave Line
FY24-25,49343,Union,-37.823477,145.1000368,593100,1900,2000,1600,1100,750,100,1200,350,300,50,30.683180426809393,1101.1612849812245,0.030085376041730342,0.3026315789473684,0.01058447237168244,Lilydale Line
FY24-25,49458,East Pakenham,-38.084284,145.506311,54500,150,150,100,200,200,50,50,50,50,50,28.325251120031297,2000.4356919334798,0.0026488986694378222,0,0.009759505602739894,Pakenham Line
FY24-25,49458,East Pakenham,-38.084284,145.506311,54500,150,150,100,200,200,50,50,50,50,50,28.325251120031297,2000.4356919334798,0.0026488986694378222,0,0.009759505602739894,Sunbury Line
FY24-25,52095,Southland,-37.958758,145.049124,479000,1350,1300,1500,1400,1100,50,250,450,500,100,220.5460770450281,664.532736769163,0.02427308107667543,0.05263157894736842,0.0770116463819271,Frankston Line
FY24-25,52159,Middle Gorge,-37.644062,145.09214,222950,750,850,500,300,200,100,350,100,250,50,51.967974992570475,7077.1850119959,0.011229802147645537,0.07894736842105263,0.018031365775164038,Mernda Line
FY24-25,52160,Hawkstowe,-37.622992000000004,145.097396,208500,700,750,550,350,200,150,400,100,50,50,14.863485714694995,6609.726745717059,0.010493713959695988,0.09210526315789473,0.0050496489167150245,Mernda Line
FY24-25,52161,Mernda,-37.602549,145.100883,662700,2150,2250,1800,1250,800,450,1100,400,250,50,13.06268161969017,8249.768211263223,0.03363082503005481,0.27631578947368424,0.004419603083074414,Mernda Line
